source_id,source_label,theme,group_id,feature_label,visit_pair,participant_count_ge2_visits,observation_count,within_person_cv,between_person_cv,icc_approx,visit_pair_count,visit_pair_correlation
eye_kidney_ukb42408,Eye-kidney ukb42408,Biochemistry biomarkers,eye_kidney_ukb42408__clinical_biomarkers_glycemia__glycemic_biomarkers__laboratory_measurement__glucose__30740,Glucose,0-1,13410,26820,0.0826,0.1747,0.5496,13410,0.4199
eye_kidney_ukb42408,Eye-kidney ukb42408,Biochemistry biomarkers,eye_kidney_ukb42408__clinical_biomarkers_glycemia__glycemic_biomarkers__laboratory_measurement__glycated_haemoglobin_hba1c__30750,Glycated haemoglobin (HbA1c),0-1,12862,25724,0.047,0.1493,0.7769,12862,0.7574
eye_kidney_ukb42408,Eye-kidney ukb42408,Biochemistry biomarkers,eye_kidney_ukb42408__clinical_biomarkers_kidney_function__kidney_function_and_urine_chemistry__laboratory_measurement__creatinine__30700,Creatinine,0-1,16579,33158,0.065,0.2012,0.7818,16579,0.7682
eye_kidney_ukb42408,Eye-kidney ukb42408,Biochemistry biomarkers,eye_kidney_ukb42408__clinical_biomarkers_kidney_function__kidney_function_and_urine_chemistry__laboratory_measurement__creatinine_enzymatic_in_urine__30510,Creatinine (enzymatic) in urine,0-1,18685,37370,0.3745,0.5225,0.5074,18685,0.3498
eye_kidney_ukb42408,Eye-kidney ukb42408,Biochemistry biomarkers,eye_kidney_ukb42408__clinical_biomarkers_kidney_function__kidney_function_and_urine_chemistry__laboratory_measurement__cystatin_c__30720,Cystatin C,0-1,16607,33214,0.0505,0.163,0.8042,16607,0.8079
eye_kidney_ukb42408,Eye-kidney ukb42408,Biochemistry biomarkers,eye_kidney_ukb42408__clinical_biomarkers_kidney_function__kidney_function_and_urine_chemistry__laboratory_measurement__microalbumin_in_urine__30500,Microalbumin in urine,0-1,2805,5610,0.3855,2.8563,0.541,2805,0.4547
eye_kidney_ukb42408,Eye-kidney ukb42408,Biochemistry biomarkers,eye_kidney_ukb42408__clinical_biomarkers_kidney_function__kidney_function_and_urine_chemistry__laboratory_measurement__urate__30880,Urate,0-1,16559,33118,0.0813,0.2409,0.8308,16559,0.8183
eye_kidney_ukb42408,Eye-kidney ukb42408,Biochemistry biomarkers,eye_kidney_ukb42408__clinical_biomarkers_kidney_function__kidney_function_and_urine_chemistry__laboratory_measurement__urea__30670,Urea,0-1,16586,33172,0.1179,0.2157,0.6535,16586,0.588
eye_kidney_ukb42408,Eye-kidney ukb42408,Biochemistry biomarkers,eye_kidney_ukb42408__clinical_biomarkers_lipids__lipid_biomarkers__laboratory_measurement__apolipoprotein_a__30630,Apolipoprotein A,0-1,13289,26578,0.065,0.161,0.778,13289,0.7686
eye_kidney_ukb42408,Eye-kidney ukb42408,Biochemistry biomarkers,eye_kidney_ukb42408__clinical_biomarkers_lipids__lipid_biomarkers__laboratory_measurement__apolipoprotein_b__30640,Apolipoprotein B,0-1,16484,32968,0.0976,0.2087,0.7067,16484,0.6564
eye_kidney_ukb42408,Eye-kidney ukb42408,Biochemistry biomarkers,eye_kidney_ukb42408__clinical_biomarkers_lipids__lipid_biomarkers__laboratory_measurement__cholesterol__30690,Cholesterol,0-1,16622,33244,0.0883,0.1852,0.7066,16622,0.6575
eye_kidney_ukb42408,Eye-kidney ukb42408,Biochemistry biomarkers,eye_kidney_ukb42408__clinical_biomarkers_lipids__lipid_biomarkers__laboratory_measurement__hdl_cholesterol__30760,HDL cholesterol,0-1,13429,26858,0.0812,0.2501,0.8432,13429,0.8459
eye_kidney_ukb42408,Eye-kidney ukb42408,Biochemistry biomarkers,eye_kidney_ukb42408__clinical_biomarkers_lipids__lipid_biomarkers__laboratory_measurement__ldl_direct__30780,LDL direct,0-1,16537,33074,0.1074,0.2236,0.6992,16537,0.6466
eye_kidney_ukb42408,Eye-kidney ukb42408,Biochemistry biomarkers,eye_kidney_ukb42408__clinical_biomarkers_lipids__lipid_biomarkers__laboratory_measurement__lipoprotein_a__30790,Lipoprotein A,0-1,12203,24406,0.1744,1.0696,0.9499,12203,0.9511
eye_kidney_ukb42408,Eye-kidney ukb42408,Biochemistry biomarkers,eye_kidney_ukb42408__clinical_biomarkers_lipids__lipid_biomarkers__laboratory_measurement__triglycerides__30870,Triglycerides,0-1,16584,33168,0.2254,0.5035,0.6678,16584,0.6024
eye_kidney_ukb42408,Eye-kidney ukb42408,Biochemistry biomarkers,eye_kidney_ukb42408__clinical_biomarkers_liver_function__liver_enzymes_and_bilirubin__laboratory_measurement__alanine_aminotransferase__30620,Alanine aminotransferase,0-1,16609,33218,0.1949,0.4686,0.5709,16609,0.4559
eye_kidney_ukb42408,Eye-kidney ukb42408,Biochemistry biomarkers,eye_kidney_ukb42408__clinical_biomarkers_liver_function__liver_enzymes_and_bilirubin__laboratory_measurement__alkaline_phosphatase__30610,Alkaline phosphatase,0-1,16615,33230,0.0934,0.2641,0.75,16615,0.7191
eye_kidney_ukb42408,Eye-kidney ukb42408,Biochemistry biomarkers,eye_kidney_ukb42408__clinical_biomarkers_liver_function__liver_enzymes_and_bilirubin__laboratory_measurement__aspartate_aminotransferase__30650,Aspartate aminotransferase,0-1,16494,32988,0.118,0.3066,0.5349,16494,0.4
eye_kidney_ukb42408,Eye-kidney ukb42408,Biochemistry biomarkers,eye_kidney_ukb42408__clinical_biomarkers_liver_function__liver_enzymes_and_bilirubin__laboratory_measurement__direct_bilirubin__30660,Direct bilirubin,0-1,12634,25268,0.1575,0.3975,0.7396,12634,0.702
eye_kidney_ukb42408,Eye-kidney ukb42408,Biochemistry biomarkers,eye_kidney_ukb42408__clinical_biomarkers_liver_function__liver_enzymes_and_bilirubin__laboratory_measurement__gamma_glutamyltransferase__30730,Gamma glutamyltransferase,0-1,16603,33206,0.1735,0.9036,0.7154,16603,0.6695
eye_kidney_ukb42408,Eye-kidney ukb42408,Biochemistry biomarkers,eye_kidney_ukb42408__clinical_biomarkers_liver_function__liver_enzymes_and_bilirubin__laboratory_measurement__total_bilirubin__30840,Total bilirubin,0-1,16451,32902,0.161,0.4541,0.7909,16451,0.7683
eye_kidney_ukb42408,Eye-kidney ukb42408,Biochemistry biomarkers,eye_kidney_ukb42408__clinical_biomarkers_minerals_vitamins__mineral_and_vitamin_biomarkers__laboratory_measurement__calcium__30680,Calcium,0-1,13430,26860,0.0244,0.0334,0.5235,13430,0.4158
eye_kidney_ukb42408,Eye-kidney ukb42408,Biochemistry biomarkers,eye_kidney_ukb42408__clinical_biomarkers_minerals_vitamins__mineral_and_vitamin_biomarkers__laboratory_measurement__phosphate__30810,Phosphate,0-1,13377,26754,0.0852,0.1125,0.5273,13377,0.4535
eye_kidney_ukb42408,Eye-kidney ukb42408,Biochemistry biomarkers,eye_kidney_ukb42408__clinical_biomarkers_minerals_vitamins__mineral_and_vitamin_biomarkers__laboratory_measurement__vitamin_d__30890,Vitamin D,0-1,15436,30872,0.2311,0.3832,0.634,15436,0.5562
eye_kidney_ukb42408,Eye-kidney ukb42408,Biochemistry biomarkers,eye_kidney_ukb42408__clinical_biomarkers_proteins_inflammation__protein_inflammation_and_growth_factor_biomarkers__laboratory_measurement__albumin__30600,Albumin,0-1,13433,26866,0.0327,0.0486,0.5765,13433,0.4777
eye_kidney_ukb42408,Eye-kidney ukb42408,Biochemistry biomarkers,eye_kidney_ukb42408__clinical_biomarkers_proteins_inflammation__protein_inflammation_and_growth_factor_biomarkers__laboratory_measurement__c_reactive_protein__30710,C-reactive protein,0-1,16550,33100,0.3954,1.421,0.4737,16550,0.2858
eye_kidney_ukb42408,Eye-kidney ukb42408,Biochemistry biomarkers,eye_kidney_ukb42408__clinical_biomarkers_proteins_inflammation__protein_inflammation_and_growth_factor_biomarkers__laboratory_measurement__igf_1__30770,IGF-1,0-1,16356,32712,0.0977,0.244,0.7884,16356,0.7687
eye_kidney_ukb42408,Eye-kidney ukb42408,Biochemistry biomarkers,eye_kidney_ukb42408__clinical_biomarkers_proteins_inflammation__protein_inflammation_and_growth_factor_biomarkers__laboratory_measurement__rheumatoid_factor__30820,Rheumatoid factor,0-1,1009,2018,0.2539,0.6329,0.6486,1009,0.5753
eye_kidney_ukb42408,Eye-kidney ukb42408,Biochemistry biomarkers,eye_kidney_ukb42408__clinical_biomarkers_proteins_inflammation__protein_inflammation_and_growth_factor_biomarkers__laboratory_measurement__total_protein__30860,Total protein,0-1,13419,26838,0.0319,0.0481,0.573,13419,0.4971
eye_kidney_ukb42408,Eye-kidney ukb42408,Biochemistry biomarkers,eye_kidney_ukb42408__clinical_biomarkers_hormones__sex_hormone_biomarkers__laboratory_measurement__oestradiol__30800,Oestradiol,0-1,821,1642,0.3439,0.6514,0.4049,821,0.1537
eye_kidney_ukb42408,Eye-kidney ukb42408,Biochemistry biomarkers,eye_kidney_ukb42408__clinical_biomarkers_hormones__sex_hormone_biomarkers__laboratory_measurement__shbg__30830,SHBG,0-1,13130,26260,0.1392,0.4767,0.8188,13130,0.8051
eye_kidney_ukb42408,Eye-kidney ukb42408,Biochemistry biomarkers,eye_kidney_ukb42408__clinical_biomarkers_hormones__sex_hormone_biomarkers__laboratory_measurement__testosterone__30850,Testosterone,0-1,14187,28374,0.1642,0.8058,0.9298,14187,0.9274
eye_kidney_ukb42408,Eye-kidney ukb42408,Biochemistry biomarkers,eye_kidney_ukb42408__clinical_biomarkers_kidney_function__urine_electrolytes_and_result_flags__laboratory_measurement__potassium_in_urine__30520,Potassium in urine,0-1,18618,37236,0.3472,0.4133,0.4584,18618,0.2594
eye_kidney_ukb42408,Eye-kidney ukb42408,Biochemistry biomarkers,eye_kidney_ukb42408__clinical_biomarkers_kidney_function__urine_electrolytes_and_result_flags__laboratory_measurement__sodium_in_urine__30530,Sodium in urine,0-1,18630,37260,0.3517,0.4692,0.5108,18630,0.3525
eye_kidney_ukb42408,Eye-kidney ukb42408,Blood count,eye_kidney_ukb42408__clinical_biomarkers_haematology__platelet_count_and_indices__laboratory_measurement__mean_platelet_thrombocyte_volume__30100,Mean platelet (thrombocyte) volume,0-1,22187,46284,0.0371,0.1116,0.8382,18380,0.8376
eye_kidney_ukb42408,Eye-kidney ukb42408,Blood count,eye_kidney_ukb42408__clinical_biomarkers_haematology__platelet_count_and_indices__laboratory_measurement__platelet_count__30080,Platelet count,0-1,22189,46288,0.0913,0.2231,0.7553,18382,0.753
eye_kidney_ukb42408,Eye-kidney ukb42408,Blood count,eye_kidney_ukb42408__clinical_biomarkers_haematology__platelet_count_and_indices__laboratory_measurement__platelet_crit__30090,Platelet crit,0-1,17169,35808,0.0961,0.1934,0.7018,12944,0.7322
eye_kidney_ukb42408,Eye-kidney ukb42408,Blood count,eye_kidney_ukb42408__clinical_biomarkers_haematology__platelet_count_and_indices__laboratory_measurement__platelet_distribution_width__30110,Platelet distribution width,0-1,17169,35808,0.015,0.0289,0.6832,12944,0.6498
eye_kidney_ukb42408,Eye-kidney ukb42408,Blood count,eye_kidney_ukb42408__clinical_biomarkers_haematology__red_blood_cells_and_haemoglobin__laboratory_measurement__haematocrit_percentage__30030,Haematocrit percentage,0-1,22188,46286,0.0337,0.0769,0.7483,18382,0.7195
eye_kidney_ukb42408,Eye-kidney ukb42408,Blood count,eye_kidney_ukb42408__clinical_biomarkers_haematology__red_blood_cells_and_haemoglobin__laboratory_measurement__haemoglobin_concentration__30020,Haemoglobin concentration,0-1,22189,46288,0.0324,0.0796,0.7711,18382,0.7481
eye_kidney_ukb42408,Eye-kidney ukb42408,Blood count,eye_kidney_ukb42408__clinical_biomarkers_haematology__red_blood_cells_and_haemoglobin__laboratory_measurement__mean_corpuscular_haemoglobin__30050,Mean corpuscular haemoglobin,0-1,22186,46282,0.0215,0.0534,0.7208,18381,0.6759
eye_kidney_ukb42408,Eye-kidney ukb42408,Blood count,eye_kidney_ukb42408__clinical_biomarkers_haematology__red_blood_cells_and_haemoglobin__laboratory_measurement__mean_corpuscular_haemoglobin_concentration__30060,Mean corpuscular haemoglobin concentration,0-1,22185,46280,0.0234,0.0264,0.4422,18380,0.2354
eye_kidney_ukb42408,Eye-kidney ukb42408,Blood count,eye_kidney_ukb42408__clinical_biomarkers_haematology__red_blood_cells_and_haemoglobin__laboratory_measurement__mean_corpuscular_volume__30040,Mean corpuscular volume,0-1,22187,46284,0.0173,0.0439,0.7657,18381,0.7376
eye_kidney_ukb42408,Eye-kidney ukb42408,Blood count,eye_kidney_ukb42408__clinical_biomarkers_haematology__red_blood_cells_and_haemoglobin__laboratory_measurement__mean_sphered_cell_volume__30270,Mean sphered cell volume,0-1,16818,34925,0.0471,0.055,0.4774,12811,0.7012
eye_kidney_ukb42408,Eye-kidney ukb42408,Blood count,eye_kidney_ukb42408__clinical_biomarkers_haematology__red_blood_cells_and_haemoglobin__laboratory_measurement__nucleated_red_blood_cell_count__30170,Nucleated red blood cell count,0-1,17128,35722,1.4292,6.328,0.3272,12907,0.0074
eye_kidney_ukb42408,Eye-kidney ukb42408,Blood count,eye_kidney_ukb42408__clinical_biomarkers_haematology__red_blood_cells_and_haemoglobin__laboratory_measurement__nucleated_red_blood_cell_percentage__30230,Nucleated red blood cell percentage,0-1,17128,35722,1.4278,6.3699,0.3322,12907,0.0099
eye_kidney_ukb42408,Eye-kidney ukb42408,Blood count,eye_kidney_ukb42408__clinical_biomarkers_haematology__red_blood_cells_and_haemoglobin__laboratory_measurement__red_blood_cell_erythrocyte_count__30010,Red blood cell (erythrocyte) count,0-1,22186,46282,0.0312,0.0843,0.8044,18380,0.7933
eye_kidney_ukb42408,Eye-kidney ukb42408,Blood count,eye_kidney_ukb42408__clinical_biomarkers_haematology__red_blood_cells_and_haemoglobin__laboratory_measurement__red_blood_cell_erythrocyte_distribution_width__30070,Red blood cell (erythrocyte) distribution width,0-1,22187,46284,0.0277,0.0596,0.6029,18381,0.5175
eye_kidney_ukb42408,Eye-kidney ukb42408,Blood count,eye_kidney_ukb42408__clinical_biomarkers_haematology__reticulocyte_measures__laboratory_measurement__high_light_scatter_reticulocyte_count__30300,High light scatter reticulocyte count,0-1,16818,34925,0.2526,0.4942,0.6547,12811,0.5686
eye_kidney_ukb42408,Eye-kidney ukb42408,Blood count,eye_kidney_ukb42408__clinical_biomarkers_haematology__reticulocyte_measures__laboratory_measurement__high_light_scatter_reticulocyte_percentage__30290,High light scatter reticulocyte percentage,0-1,16818,34925,0.2514,0.5934,0.5262,12811,0.3702
eye_kidney_ukb42408,Eye-kidney ukb42408,Blood count,eye_kidney_ukb42408__clinical_biomarkers_haematology__reticulocyte_measures__laboratory_measurement__immature_reticulocyte_fraction__30280,Immature reticulocyte fraction,0-1,16818,34925,0.1318,0.1654,0.5151,12811,0.417
eye_kidney_ukb42408,Eye-kidney ukb42408,Blood count,eye_kidney_ukb42408__clinical_biomarkers_haematology__reticulocyte_measures__laboratory_measurement__mean_reticulocyte_volume__30260,Mean reticulocyte volume,0-1,21729,45146,0.0483,0.0591,0.4899,18097,0.5331
eye_kidney_ukb42408,Eye-kidney ukb42408,Blood count,eye_kidney_ukb42408__clinical_biomarkers_haematology__reticulocyte_measures__laboratory_measurement__reticulocyte_count__30250,Reticulocyte count,0-1,21728,45144,0.2092,0.4626,0.4936,18096,0.3296
eye_kidney_ukb42408,Eye-kidney ukb42408,Blood count,eye_kidney_ukb42408__clinical_biomarkers_haematology__reticulocyte_measures__laboratory_measurement__reticulocyte_percentage__30240,Reticulocyte percentage,0-1,21727,45142,0.2091,0.4859,0.4656,18095,0.2874
eye_kidney_ukb42408,Eye-kidney ukb42408,Blood count,eye_kidney_ukb42408__clinical_biomarkers_haematology__white_blood_cells_and_differential__laboratory_measurement__basophill_count__30160,Basophill count,0-1,22155,46213,1.0429,1.3398,0.3827,18351,0.124
eye_kidney_ukb42408,Eye-kidney ukb42408,Blood count,eye_kidney_ukb42408__clinical_biomarkers_haematology__white_blood_cells_and_differential__laboratory_measurement__basophill_percentage__30220,Basophill percentage,0-1,22157,46217,0.4273,0.7352,0.3637,18353,0.087
eye_kidney_ukb42408,Eye-kidney ukb42408,Blood count,eye_kidney_ukb42408__clinical_biomarkers_haematology__white_blood_cells_and_differential__laboratory_measurement__eosinophill_count__30150,Eosinophill count,0-1,22155,46213,0.3397,0.7026,0.6718,18351,0.6143
eye_kidney_ukb42408,Eye-kidney ukb42408,Blood count,eye_kidney_ukb42408__clinical_biomarkers_haematology__white_blood_cells_and_differential__laboratory_measurement__eosinophill_percentage__30210,Eosinophill percentage,0-1,22157,46217,0.286,0.6397,0.6804,18353,0.6286
eye_kidney_ukb42408,Eye-kidney ukb42408,Blood count,eye_kidney_ukb42408__clinical_biomarkers_haematology__white_blood_cells_and_differential__laboratory_measurement__lymphocyte_count__30120,Lymphocyte count,0-1,22155,46213,0.1354,0.715,0.8055,18351,0.8202
eye_kidney_ukb42408,Eye-kidney ukb42408,Blood count,eye_kidney_ukb42408__clinical_biomarkers_haematology__white_blood_cells_and_differential__laboratory_measurement__lymphocyte_percentage__30180,Lymphocyte percentage,0-1,22157,46217,0.1297,0.234,0.6776,18353,0.6352
eye_kidney_ukb42408,Eye-kidney ukb42408,Blood count,eye_kidney_ukb42408__clinical_biomarkers_haematology__white_blood_cells_and_differential__laboratory_measurement__monocyte_count__30130,Monocyte count,0-1,22155,46213,0.2371,0.4106,0.5239,18351,0.415
eye_kidney_ukb42408,Eye-kidney ukb42408,Blood count,eye_kidney_ukb42408__clinical_biomarkers_haematology__white_blood_cells_and_differential__laboratory_measurement__monocyte_percentage__30190,Monocyte percentage,0-1,22157,46217,0.2292,0.3291,0.4808,18353,0.3409
eye_kidney_ukb42408,Eye-kidney ukb42408,Blood count,eye_kidney_ukb42408__clinical_biomarkers_haematology__white_blood_cells_and_differential__laboratory_measurement__neutrophill_count__30140,Neutrophill count,0-1,22155,46213,0.1627,0.2837,0.6118,18351,0.5358
eye_kidney_ukb42408,Eye-kidney ukb42408,Blood count,eye_kidney_ukb42408__clinical_biomarkers_haematology__white_blood_cells_and_differential__laboratory_measurement__neutrophill_percentage__30200,Neutrophill percentage,0-1,22157,46217,0.0753,0.1201,0.6094,18353,0.5461
eye_kidney_ukb42408,Eye-kidney ukb42408,Blood count,eye_kidney_ukb42408__clinical_biomarkers_haematology__white_blood_cells_and_differential__laboratory_measurement__white_blood_cell_leukocyte_count__30000,White blood cell (leukocyte) count,0-1,22187,46284,0.1181,0.3075,0.7399,18380,0.7277
eye_kidney_ukb42408,Eye-kidney ukb42408,General physical measures (repeatability only),eye_kidney_ukb42408__conventional_risk_factors__bioimpedance_body_composition__body_composition_measurement__arm_fat_mass_left__23124,Arm fat mass (left),0-1,58028,126831,0.1135,0.5038,0.8851,19764,0.9025
eye_kidney_ukb42408,Eye-kidney ukb42408,General physical measures (repeatability only),eye_kidney_ukb42408__conventional_risk_factors__bioimpedance_body_composition__body_composition_measurement__arm_fat_mass_right__23120,Arm fat mass (right),0-1,58039,126854,0.1094,0.4806,0.8877,19768,0.9044
eye_kidney_ukb42408,Eye-kidney ukb42408,General physical measures (repeatability only),eye_kidney_ukb42408__conventional_risk_factors__bioimpedance_body_composition__body_composition_measurement__arm_fat_percentage_left__23123,Arm fat percentage (left),0-1,58033,126842,0.0772,0.3278,0.9205,19766,0.9297
eye_kidney_ukb42408,Eye-kidney ukb42408,General physical measures (repeatability only),eye_kidney_ukb42408__conventional_risk_factors__bioimpedance_body_composition__body_composition_measurement__arm_fat_percentage_right__23119,Arm fat percentage (right),0-1,58042,126860,0.078,0.3315,0.9182,19768,0.9284
eye_kidney_ukb42408,Eye-kidney ukb42408,General physical measures (repeatability only),eye_kidney_ukb42408__conventional_risk_factors__bioimpedance_body_composition__body_composition_measurement__arm_fat_free_mass_left__23125,Arm fat-free mass (left),0-1,58029,126833,0.0398,0.2758,0.9629,19764,0.968
eye_kidney_ukb42408,Eye-kidney ukb42408,General physical measures (repeatability only),eye_kidney_ukb42408__conventional_risk_factors__bioimpedance_body_composition__body_composition_measurement__arm_fat_free_mass_right__23121,Arm fat-free mass (right),0-1,58035,126846,0.0393,0.2711,0.9642,19767,0.9731
eye_kidney_ukb42408,Eye-kidney ukb42408,General physical measures (repeatability only),eye_kidney_ukb42408__conventional_risk_factors__bioimpedance_body_composition__body_composition_measurement__arm_predicted_mass_left__23126,Arm predicted mass (left),0-1,58027,126829,0.04,0.2817,0.9543,19764,0.9687
eye_kidney_ukb42408,Eye-kidney ukb42408,General physical measures (repeatability only),eye_kidney_ukb42408__conventional_risk_factors__bioimpedance_body_composition__body_composition_measurement__arm_predicted_mass_right__23122,Arm predicted mass (right),0-1,58035,126846,0.0394,0.2763,0.9651,19767,0.9737
eye_kidney_ukb42408,Eye-kidney ukb42408,General physical measures (repeatability only),eye_kidney_ukb42408__conventional_risk_factors__bioimpedance_body_composition__body_composition_measurement__basal_metabolic_rate__23105,Basal metabolic rate,0-1,58056,126889,0.0282,0.2004,0.9668,19769,0.9781
eye_kidney_ukb42408,Eye-kidney ukb42408,General physical measures (repeatability only),eye_kidney_ukb42408__conventional_risk_factors__bioimpedance_body_composition__body_composition_measurement__body_fat_percentage__23099,Body fat percentage,0-1,58023,126809,0.0711,0.2614,0.9079,19754,0.9246
eye_kidney_ukb42408,Eye-kidney ukb42408,General physical measures (repeatability only),eye_kidney_ukb42408__conventional_risk_factors__bioimpedance_body_composition__body_composition_measurement__body_mass_index_bmi__23104,Body mass index (BMI),0-1,58057,126891,0.0359,0.1613,0.9104,19769,0.9256
eye_kidney_ukb42408,Eye-kidney ukb42408,General physical measures (repeatability only),eye_kidney_ukb42408__conventional_risk_factors__bioimpedance_body_composition__body_composition_measurement__impedance_of_arm_left__23110,Impedance of arm (left),0-1,58054,126884,0.0421,0.1638,0.8951,19769,0.8953
eye_kidney_ukb42408,Eye-kidney ukb42408,General physical measures (repeatability only),eye_kidney_ukb42408__conventional_risk_factors__bioimpedance_body_composition__body_composition_measurement__impedance_of_arm_right__23109,Impedance of arm (right),0-1,58052,126880,0.0418,0.1625,0.8837,19768,0.8733
eye_kidney_ukb42408,Eye-kidney ukb42408,General physical measures (repeatability only),eye_kidney_ukb42408__conventional_risk_factors__bioimpedance_body_composition__body_composition_measurement__impedance_of_leg_left__23108,Impedance of leg (left),0-1,58055,126886,0.048,0.1369,0.8362,19769,0.8698
eye_kidney_ukb42408,Eye-kidney ukb42408,General physical measures (repeatability only),eye_kidney_ukb42408__conventional_risk_factors__bioimpedance_body_composition__body_composition_measurement__impedance_of_leg_right__23107,Impedance of leg (right),0-1,58057,126890,0.0482,0.1385,0.8393,19769,0.8734
eye_kidney_ukb42408,Eye-kidney ukb42408,General physical measures (repeatability only),eye_kidney_ukb42408__conventional_risk_factors__bioimpedance_body_composition__body_composition_measurement__impedance_of_whole_body__23106,Impedance of whole body,0-1,58053,126880,0.0346,0.1428,0.9093,19765,0.9174
eye_kidney_ukb42408,Eye-kidney ukb42408,General physical measures (repeatability only),eye_kidney_ukb42408__conventional_risk_factors__bioimpedance_body_composition__body_composition_measurement__leg_fat_mass_left__23116,Leg fat mass (left),0-1,58050,126876,0.0902,0.4229,0.9189,19769,0.9306
eye_kidney_ukb42408,Eye-kidney ukb42408,General physical measures (repeatability only),eye_kidney_ukb42408__conventional_risk_factors__bioimpedance_body_composition__body_composition_measurement__leg_fat_mass_right__23112,Leg fat mass (right),0-1,58054,126884,0.0926,0.4214,0.916,19769,0.9265
eye_kidney_ukb42408,Eye-kidney ukb42408,General physical measures (repeatability only),eye_kidney_ukb42408__conventional_risk_factors__bioimpedance_body_composition__body_composition_measurement__leg_fat_percentage_left__23115,Leg fat percentage (left),0-1,58050,126876,0.0645,0.3321,0.9535,19769,0.9679
eye_kidney_ukb42408,Eye-kidney ukb42408,General physical measures (repeatability only),eye_kidney_ukb42408__conventional_risk_factors__bioimpedance_body_composition__body_composition_measurement__leg_fat_percentage_right__23111,Leg fat percentage (right),0-1,58055,126886,0.0697,0.3317,0.9477,19769,0.9636
eye_kidney_ukb42408,Eye-kidney ukb42408,General physical measures (repeatability only),eye_kidney_ukb42408__conventional_risk_factors__bioimpedance_body_composition__body_composition_measurement__leg_fat_free_mass_left__23117,Leg fat-free mass (left),0-1,58044,126864,0.0387,0.219,0.9483,19768,0.9691
eye_kidney_ukb42408,Eye-kidney ukb42408,General physical measures (repeatability only),eye_kidney_ukb42408__conventional_risk_factors__bioimpedance_body_composition__body_composition_measurement__leg_fat_free_mass_right__23113,Leg fat-free mass (right),0-1,58051,126878,0.0412,0.2181,0.9426,19769,0.9668
eye_kidney_ukb42408,Eye-kidney ukb42408,General physical measures (repeatability only),eye_kidney_ukb42408__conventional_risk_factors__bioimpedance_body_composition__body_composition_measurement__leg_predicted_mass_left__23118,Leg predicted mass (left),0-1,58044,126864,0.0383,0.2204,0.95,19768,0.9702
eye_kidney_ukb42408,Eye-kidney ukb42408,General physical measures (repeatability only),eye_kidney_ukb42408__conventional_risk_factors__bioimpedance_body_composition__body_composition_measurement__leg_predicted_mass_right__23114,Leg predicted mass (right),0-1,58051,126878,0.0408,0.2195,0.9445,19769,0.968
eye_kidney_ukb42408,Eye-kidney ukb42408,General physical measures (repeatability only),eye_kidney_ukb42408__conventional_risk_factors__bioimpedance_body_composition__body_composition_measurement__trunk_fat_mass__23128,Trunk fat mass,0-1,58011,126794,0.113,0.3549,0.8704,19760,0.8855
eye_kidney_ukb42408,Eye-kidney ukb42408,General physical measures (repeatability only),eye_kidney_ukb42408__conventional_risk_factors__bioimpedance_body_composition__body_composition_measurement__trunk_fat_percentage__23127,Trunk fat percentage,0-1,58016,126804,0.0863,0.2416,0.8508,19761,0.8649
eye_kidney_ukb42408,Eye-kidney ukb42408,General physical measures (repeatability only),eye_kidney_ukb42408__conventional_risk_factors__bioimpedance_body_composition__body_composition_measurement__trunk_fat_free_mass__23129,Trunk fat-free mass,0-1,57998,126767,0.0271,0.1981,0.9692,19757,0.9709
eye_kidney_ukb42408,Eye-kidney ukb42408,General physical measures (repeatability only),eye_kidney_ukb42408__conventional_risk_factors__bioimpedance_body_composition__body_composition_measurement__trunk_predicted_mass__23130,Trunk predicted mass,0-1,57986,126742,0.0271,0.2005,0.9693,19753,0.9711
eye_kidney_ukb42408,Eye-kidney ukb42408,General physical measures (repeatability only),eye_kidney_ukb42408__conventional_risk_factors__bioimpedance_body_composition__body_composition_measurement__weight__23098,Weight,0-1,58059,126895,0.0362,0.1946,0.9374,19770,0.9498
eye_kidney_ukb42408,Eye-kidney ukb42408,General physical measures (repeatability only),eye_kidney_ukb42408__conventional_risk_factors__bioimpedance_body_composition__body_composition_measurement__whole_body_fat_mass__23100,Whole body fat mass,0-1,57963,126671,0.098,0.3617,0.8904,19730,0.9078
eye_kidney_ukb42408,Eye-kidney ukb42408,General physical measures (repeatability only),eye_kidney_ukb42408__conventional_risk_factors__bioimpedance_body_composition__body_composition_measurement__whole_body_fat_free_mass__23101,Whole body fat-free mass,0-1,58056,126888,0.0282,0.2108,0.9717,19768,0.9808
eye_kidney_ukb42408,Eye-kidney ukb42408,General physical measures (repeatability only),eye_kidney_ukb42408__conventional_risk_factors__bioimpedance_body_composition__body_composition_measurement__whole_body_water_mass__23102,Whole body water mass,0-1,58057,126891,0.0283,0.2108,0.9715,19769,0.9802
eye_kidney_ukb42408,Eye-kidney ukb42408,General physical measures (repeatability only),eye_kidney_ukb42408__conventional_risk_factors__physical_measurements__assessment_measurement__age_high_blood_pressure_diagnosed__2966,Age high blood pressure diagnosed,0-1,11718,25170,0.213,0.3124,0.5588,4283,0.4775
eye_kidney_ukb42408,Eye-kidney ukb42408,General physical measures (repeatability only),eye_kidney_ukb42408__conventional_risk_factors__physical_measurements__assessment_measurement__body_mass_index_bmi__21001,Body mass index (BMI),0-1,59248,129594,0.036,0.1619,0.9106,20259,0.9267
eye_kidney_ukb42408,Eye-kidney ukb42408,General physical measures (repeatability only),eye_kidney_ukb42408__conventional_risk_factors__physical_measurements__assessment_measurement__height__12144,Height,2-3,3208,6416,0.0073,0.0558,0.9622,3208,0.9616
eye_kidney_ukb42408,Eye-kidney ukb42408,General physical measures (repeatability only),eye_kidney_ukb42408__conventional_risk_factors__physical_measurements__assessment_measurement__hip_circumference__49,Hip circumference,0-1,59699,130659,0.031,0.0808,0.8054,20294,0.8275
eye_kidney_ukb42408,Eye-kidney ukb42408,General physical measures (repeatability only),eye_kidney_ukb42408__conventional_risk_factors__physical_measurements__assessment_measurement__seated_height__51,Seated height,0-1,58941,128796,0.0383,0.0482,0.5379,19823,0.6421
eye_kidney_ukb42408,Eye-kidney ukb42408,General physical measures (repeatability only),eye_kidney_ukb42408__conventional_risk_factors__physical_measurements__assessment_measurement__sitting_height__20015,Sitting height,0-1,58941,128796,0.0124,0.0518,0.879,19823,0.8807
eye_kidney_ukb42408,Eye-kidney ukb42408,General physical measures (repeatability only),eye_kidney_ukb42408__conventional_risk_factors__physical_measurements__assessment_measurement__standing_height__50,Standing height,0-1,59655,130550,0.004,0.0543,0.9896,20280,0.9927
eye_kidney_ukb42408,Eye-kidney ukb42408,General physical measures (repeatability only),eye_kidney_ukb42408__conventional_risk_factors__physical_measurements__assessment_measurement__waist_circumference__48,Waist circumference,0-1,59698,130658,0.0461,0.1386,0.85,20296,0.8645
eye_kidney_ukb42408,Eye-kidney ukb42408,General physical measures (repeatability only),eye_kidney_ukb42408__conventional_risk_factors__physical_measurements__assessment_measurement__weight__21002,Weight,0-1,59579,130398,0.0364,0.1951,0.9372,20271,0.95
eye_kidney_ukb42408,Eye-kidney ukb42408,General physical measures (repeatability only),eye_kidney_ukb42408__conventional_risk_factors__physical_measurements__assessment_measurement__weight_pre_imaging__12143,Weight (pre-imaging),2-3,3208,6416,0.0285,0.19,0.9554,3208,0.9546
eye_kidney_ukb42408,Eye-kidney ukb42408,General physical measures (repeatability only),eye_kidney_ukb42408__conventional_risk_factors__physical_measurements__assessment_measurement__weight_manual_entry__3160,"Weight, manual entry",0-1,101,207,0.0385,0.2459,0.9518,69,0.9617
eye_kidney_ukb42408,Eye-kidney ukb42408,Vision / ophthalmic measurements,eye_kidney_ukb42408__eye_and_vision_phenotypes__ophthalmic_measurements__corneal_topography_refractometry_astigmatism__3mm_index_of_best_keratometry_results_left__5292,3mm index of best keratometry results (left),0-1,3816,7632,0.2483,0.2396,0.3566,3816,0.0515
eye_kidney_ukb42408,Eye-kidney ukb42408,Vision / ophthalmic measurements,eye_kidney_ukb42408__eye_and_vision_phenotypes__ophthalmic_measurements__corneal_topography_refractometry_astigmatism__3mm_index_of_best_keratometry_results_right__5237,3mm index of best keratometry results (right),0-1,3832,7664,0.2965,0.2702,0.3585,3832,0.0556
eye_kidney_ukb42408,Eye-kidney ukb42408,Vision / ophthalmic measurements,eye_kidney_ukb42408__eye_and_vision_phenotypes__ophthalmic_measurements__corneal_topography_refractometry_astigmatism__6mm_index_of_best_keratometry_results_left__5306,6mm index of best keratometry results (left),0-1,2920,5840,0.3414,0.2993,0.3735,2920,0.0877
eye_kidney_ukb42408,Eye-kidney ukb42408,Vision / ophthalmic measurements,eye_kidney_ukb42408__eye_and_vision_phenotypes__ophthalmic_measurements__corneal_topography_refractometry_astigmatism__6mm_index_of_best_keratometry_results_right__5251,6mm index of best keratometry results (right),0-1,3034,6068,0.4069,0.3329,0.3572,3034,0.053
eye_kidney_ukb42408,Eye-kidney ukb42408,Vision / ophthalmic measurements,eye_kidney_ukb42408__eye_and_vision_phenotypes__ophthalmic_measurements__corneal_topography_refractometry_astigmatism__duration_at_which_refractometer_first_shown_left__5193,Duration at which refractometer first shown (left),0-1,4166,8332,0.2212,0.2736,0.3862,4166,0.1161
eye_kidney_ukb42408,Eye-kidney ukb42408,Vision / ophthalmic measurements,eye_kidney_ukb42408__eye_and_vision_phenotypes__ophthalmic_measurements__corneal_topography_refractometry_astigmatism__duration_at_which_refractometer_first_shown_right__5190,Duration at which refractometer first shown (right),0-1,4165,8330,0.2348,0.2871,0.4035,4165,0.1503
eye_kidney_ukb42408,Eye-kidney ukb42408,Vision / ophthalmic measurements,eye_kidney_ukb42408__eye_and_vision_phenotypes__ophthalmic_measurements__corneal_topography_refractometry_astigmatism__index_of_best_refractometry_result_left__5276,Index of best refractometry result (left),0-1,3973,7946,0.8245,0.5768,0.3313,3973,-0.0045
eye_kidney_ukb42408,Eye-kidney ukb42408,Vision / ophthalmic measurements,eye_kidney_ukb42408__eye_and_vision_phenotypes__ophthalmic_measurements__corneal_topography_refractometry_astigmatism__index_of_best_refractometry_result_right__5221,Index of best refractometry result (right),0-1,4007,8014,0.8361,0.5928,0.3398,4007,0.0149
eye_kidney_ukb42408,Eye-kidney ukb42408,Vision / ophthalmic measurements,eye_kidney_ukb42408__eye_and_vision_phenotypes__ophthalmic_measurements__eye_examination_status_and_qc__age_cataract_diagnosed__4700,Age cataract diagnosed,0-1,1128,2349,0.1266,0.2168,0.5606,183,0.5631
eye_kidney_ukb42408,Eye-kidney ukb42408,Vision / ophthalmic measurements,eye_kidney_ukb42408__eye_and_vision_phenotypes__ophthalmic_measurements__eye_examination_status_and_qc__age_macular_degeneration_diagnosed__5923,Age macular degeneration diagnosed,0-1,172,363,0.1103,0.2523,0.6372,38,0.7005
eye_kidney_ukb42408,Eye-kidney ukb42408,Vision / ophthalmic measurements,eye_kidney_ukb42408__eye_and_vision_phenotypes__ophthalmic_measurements__eye_examination_status_and_qc__age_other_serious_eye_condition_diagnosed__5945,Age other serious eye condition diagnosed,0-1,214,441,0.1299,0.4288,0.8684,42,0.9229
eye_kidney_ukb42408,Eye-kidney ukb42408,Vision / ophthalmic measurements,eye_kidney_ukb42408__eye_and_vision_phenotypes__ophthalmic_measurements__eye_examination_status_and_qc__age_when_loss_of_vision_due_to_injury_or_trauma_diagnosed__5430,Age when loss of vision due to injury or trauma diagnosed,0-1,59,122,0.1582,0.6238,0.8237,15,0.7699
eye_kidney_ukb42408,Eye-kidney ukb42408,Vision / ophthalmic measurements,eye_kidney_ukb42408__eye_and_vision_phenotypes__ophthalmic_measurements__eye_examination_status_and_qc__corneal_hysteresis_left__5264,Corneal hysteresis (left),0-1,3943,7886,0.1197,0.1821,0.5005,3943,0.3449
eye_kidney_ukb42408,Eye-kidney ukb42408,Vision / ophthalmic measurements,eye_kidney_ukb42408__eye_and_vision_phenotypes__ophthalmic_measurements__eye_examination_status_and_qc__corneal_hysteresis_right__5256,Corneal hysteresis (right),0-1,3960,7920,0.1117,0.1941,0.5049,3960,0.3443
eye_kidney_ukb42408,Eye-kidney ukb42408,Vision / ophthalmic measurements,eye_kidney_ukb42408__eye_and_vision_phenotypes__ophthalmic_measurements__eye_examination_status_and_qc__corneal_resistance_factor_left__5265,Corneal resistance factor (left),0-1,3943,7886,0.1065,0.198,0.5599,3943,0.4459
eye_kidney_ukb42408,Eye-kidney ukb42408,Vision / ophthalmic measurements,eye_kidney_ukb42408__eye_and_vision_phenotypes__ophthalmic_measurements__eye_examination_status_and_qc__corneal_resistance_factor_right__5257,Corneal resistance factor (right),0-1,3960,7920,0.094,0.2011,0.5633,3960,0.443
eye_kidney_ukb42408,Eye-kidney ukb42408,Vision / ophthalmic measurements,eye_kidney_ukb42408__eye_and_vision_phenotypes__ophthalmic_measurements__eye_examination_status_and_qc__distance_of_viewer_to_screen_left__5211,Distance of viewer to screen (left),0-1,4217,8434,0.0031,0.0112,0.3259,4217,
eye_kidney_ukb42408,Eye-kidney ukb42408,Vision / ophthalmic measurements,eye_kidney_ukb42408__eye_and_vision_phenotypes__ophthalmic_measurements__eye_examination_status_and_qc__distance_of_viewer_to_screen_right__5204,Distance of viewer to screen (right),0-1,4221,8442,0.0031,0.0111,0.326,4221,
eye_kidney_ukb42408,Eye-kidney ukb42408,Vision / ophthalmic measurements,eye_kidney_ukb42408__eye_and_vision_phenotypes__ophthalmic_measurements__eye_examination_status_and_qc__number_of_rounds_to_result_left__5209,Number of rounds to result (left),0-1,4217,8434,0.3145,0.3147,0.3521,4217,0.0417
eye_kidney_ukb42408,Eye-kidney ukb42408,Vision / ophthalmic measurements,eye_kidney_ukb42408__eye_and_vision_phenotypes__ophthalmic_measurements__eye_examination_status_and_qc__number_of_rounds_to_result_right__5202,Number of rounds to result (right),0-1,4221,8442,0.3127,0.3232,0.3517,4221,0.0409
eye_kidney_ukb42408,Eye-kidney ukb42408,Vision / ophthalmic measurements,eye_kidney_ukb42408__eye_and_vision_phenotypes__ophthalmic_measurements__eye_examination_status_and_qc__vertex_distance_left__5274,Vertex distance (left),0-1,3973,7946,0,0,,3973,
eye_kidney_ukb42408,Eye-kidney ukb42408,Vision / ophthalmic measurements,eye_kidney_ukb42408__eye_and_vision_phenotypes__ophthalmic_measurements__eye_examination_status_and_qc__vertex_distance_right__5215,Vertex distance (right),0-1,4007,8014,0,0,,4007,
eye_kidney_ukb42408,Eye-kidney ukb42408,Vision / ophthalmic measurements,eye_kidney_ukb42408__eye_and_vision_phenotypes__ophthalmic_measurements__intra_ocular_pressure__intra_ocular_pressure_goldmann_correlated_left__5263,"Intra-ocular pressure, Goldmann-correlated (left)",0-1,3943,7886,0.1127,0.2324,0.6595,3943,0.5917
eye_kidney_ukb42408,Eye-kidney ukb42408,Vision / ophthalmic measurements,eye_kidney_ukb42408__eye_and_vision_phenotypes__ophthalmic_measurements__intra_ocular_pressure__intra_ocular_pressure_goldmann_correlated_right__5255,"Intra-ocular pressure, Goldmann-correlated (right)",0-1,3960,7920,0.1082,0.231,0.6733,3960,0.6165
eye_kidney_ukb42408,Eye-kidney ukb42408,Vision / ophthalmic measurements,eye_kidney_ukb42408__eye_and_vision_phenotypes__ophthalmic_measurements__intra_ocular_pressure__intra_ocular_pressure_corneal_compensated_left__5262,"Intra-ocular pressure, corneal-compensated (left)",0-1,3943,7886,0.1337,0.2306,0.5447,3943,0.4126
eye_kidney_ukb42408,Eye-kidney ukb42408,Vision / ophthalmic measurements,eye_kidney_ukb42408__eye_and_vision_phenotypes__ophthalmic_measurements__intra_ocular_pressure__intra_ocular_pressure_corneal_compensated_right__5254,"Intra-ocular pressure, corneal-compensated (right)",0-1,3960,7920,0.1295,0.2347,0.5595,3960,0.4448
eye_kidney_ukb42408,Eye-kidney ukb42408,Vision / ophthalmic measurements,eye_kidney_ukb42408__eye_and_vision_phenotypes__ophthalmic_measurements__visual_acuity_testing__final_number_of_letters_displayed_left__5207,Final number of letters displayed (left),0-1,4217,8434,0.0026,0.0365,0.6874,4217,0.6312
eye_kidney_ukb42408,Eye-kidney ukb42408,Vision / ophthalmic measurements,eye_kidney_ukb42408__eye_and_vision_phenotypes__ophthalmic_measurements__visual_acuity_testing__final_number_of_letters_displayed_right__5200,Final number of letters displayed (right),0-1,4221,8442,0.0022,0.0265,0.5828,4221,0.4731
eye_kidney_ukb42408,Eye-kidney ukb42408,Vision / ophthalmic measurements,eye_kidney_ukb42408__eye_and_vision_phenotypes__ophthalmic_measurements__visual_acuity_testing__logmar_final_left__5208,"logMAR, final (left)",0-1,4186,8372,1.4961,2267,0.667,4186,0.601
eye_kidney_ukb42408,Eye-kidney ukb42408,Vision / ophthalmic measurements,eye_kidney_ukb42408__eye_and_vision_phenotypes__ophthalmic_measurements__visual_acuity_testing__logmar_final_right__5201,"logMAR, final (right)",0-1,4189,8378,1.4323,28.2865,0.6455,4189,0.5708
eye_kidney_ukb42408,Eye-kidney ukb42408,Vision / ophthalmic measurements,eye_kidney_ukb42408__eye_and_vision_phenotypes__ophthalmic_measurements__visual_acuity_testing__logmar_initial_left__5206,"logMAR, initial (left)",0-1,4217,8434,1.0453,13.7279,0.6189,4217,0.53
eye_kidney_ukb42408,Eye-kidney ukb42408,Vision / ophthalmic measurements,eye_kidney_ukb42408__eye_and_vision_phenotypes__ophthalmic_measurements__visual_acuity_testing__logmar_initial_right__5199,"logMAR, initial (right)",0-1,4221,8442,1.1047,34.523,0.5821,4221,0.4744
eye_brain_ukb42577,Eye-brain ukb42577,Biochemistry biomarkers,eye_brain_ukb42577__clinical_biomarkers_glycemia__glycemic_biomarkers__laboratory_measurement__glucose__30740,Glucose,0-1,13410,26820,0.0826,0.1747,0.5496,13410,0.4199
eye_brain_ukb42577,Eye-brain ukb42577,Biochemistry biomarkers,eye_brain_ukb42577__clinical_biomarkers_glycemia__glycemic_biomarkers__laboratory_measurement__glycated_haemoglobin_hba1c__30750,Glycated haemoglobin (HbA1c),0-1,12862,25724,0.047,0.1493,0.7769,12862,0.7574
eye_brain_ukb42577,Eye-brain ukb42577,Biochemistry biomarkers,eye_brain_ukb42577__clinical_biomarkers_kidney_function__kidney_function_and_urine_chemistry__laboratory_measurement__creatinine__30700,Creatinine,0-1,16579,33158,0.065,0.2012,0.7818,16579,0.7682
eye_brain_ukb42577,Eye-brain ukb42577,Biochemistry biomarkers,eye_brain_ukb42577__clinical_biomarkers_kidney_function__kidney_function_and_urine_chemistry__laboratory_measurement__cystatin_c__30720,Cystatin C,0-1,16607,33214,0.0505,0.163,0.8042,16607,0.8079
eye_brain_ukb42577,Eye-brain ukb42577,Biochemistry biomarkers,eye_brain_ukb42577__clinical_biomarkers_kidney_function__kidney_function_and_urine_chemistry__laboratory_measurement__urate__30880,Urate,0-1,16559,33118,0.0813,0.2409,0.8308,16559,0.8183
eye_brain_ukb42577,Eye-brain ukb42577,Biochemistry biomarkers,eye_brain_ukb42577__clinical_biomarkers_kidney_function__kidney_function_and_urine_chemistry__laboratory_measurement__urea__30670,Urea,0-1,16586,33172,0.1179,0.2157,0.6535,16586,0.588
eye_brain_ukb42577,Eye-brain ukb42577,Biochemistry biomarkers,eye_brain_ukb42577__clinical_biomarkers_lipids__lipid_biomarkers__laboratory_measurement__apolipoprotein_a__30630,Apolipoprotein A,0-1,13289,26578,0.065,0.161,0.778,13289,0.7686
eye_brain_ukb42577,Eye-brain ukb42577,Biochemistry biomarkers,eye_brain_ukb42577__clinical_biomarkers_lipids__lipid_biomarkers__laboratory_measurement__apolipoprotein_b__30640,Apolipoprotein B,0-1,16484,32968,0.0976,0.2087,0.7067,16484,0.6564
eye_brain_ukb42577,Eye-brain ukb42577,Biochemistry biomarkers,eye_brain_ukb42577__clinical_biomarkers_lipids__lipid_biomarkers__laboratory_measurement__cholesterol__30690,Cholesterol,0-1,16622,33244,0.0883,0.1852,0.7066,16622,0.6575
eye_brain_ukb42577,Eye-brain ukb42577,Biochemistry biomarkers,eye_brain_ukb42577__clinical_biomarkers_lipids__lipid_biomarkers__laboratory_measurement__hdl_cholesterol__30760,HDL cholesterol,0-1,13429,26858,0.0812,0.2501,0.8432,13429,0.8459
eye_brain_ukb42577,Eye-brain ukb42577,Biochemistry biomarkers,eye_brain_ukb42577__clinical_biomarkers_lipids__lipid_biomarkers__laboratory_measurement__ldl_direct__30780,LDL direct,0-1,16537,33074,0.1074,0.2236,0.6992,16537,0.6466
eye_brain_ukb42577,Eye-brain ukb42577,Biochemistry biomarkers,eye_brain_ukb42577__clinical_biomarkers_lipids__lipid_biomarkers__laboratory_measurement__lipoprotein_a__30790,Lipoprotein A,0-1,12203,24406,0.1744,1.0696,0.9499,12203,0.9511
eye_brain_ukb42577,Eye-brain ukb42577,Biochemistry biomarkers,eye_brain_ukb42577__clinical_biomarkers_lipids__lipid_biomarkers__laboratory_measurement__triglycerides__30870,Triglycerides,0-1,16584,33168,0.2254,0.5035,0.6678,16584,0.6024
eye_brain_ukb42577,Eye-brain ukb42577,Biochemistry biomarkers,eye_brain_ukb42577__clinical_biomarkers_liver_function__liver_enzymes_and_bilirubin__laboratory_measurement__alanine_aminotransferase__30620,Alanine aminotransferase,0-1,16609,33218,0.1949,0.4686,0.5709,16609,0.4559
eye_brain_ukb42577,Eye-brain ukb42577,Biochemistry biomarkers,eye_brain_ukb42577__clinical_biomarkers_liver_function__liver_enzymes_and_bilirubin__laboratory_measurement__alkaline_phosphatase__30610,Alkaline phosphatase,0-1,16615,33230,0.0934,0.2641,0.75,16615,0.7191
eye_brain_ukb42577,Eye-brain ukb42577,Biochemistry biomarkers,eye_brain_ukb42577__clinical_biomarkers_liver_function__liver_enzymes_and_bilirubin__laboratory_measurement__aspartate_aminotransferase__30650,Aspartate aminotransferase,0-1,16494,32988,0.118,0.3066,0.5349,16494,0.4
eye_brain_ukb42577,Eye-brain ukb42577,Biochemistry biomarkers,eye_brain_ukb42577__clinical_biomarkers_liver_function__liver_enzymes_and_bilirubin__laboratory_measurement__direct_bilirubin__30660,Direct bilirubin,0-1,12634,25268,0.1575,0.3975,0.7396,12634,0.702
eye_brain_ukb42577,Eye-brain ukb42577,Biochemistry biomarkers,eye_brain_ukb42577__clinical_biomarkers_liver_function__liver_enzymes_and_bilirubin__laboratory_measurement__gamma_glutamyltransferase__30730,Gamma glutamyltransferase,0-1,16603,33206,0.1735,0.9036,0.7154,16603,0.6695
eye_brain_ukb42577,Eye-brain ukb42577,Biochemistry biomarkers,eye_brain_ukb42577__clinical_biomarkers_liver_function__liver_enzymes_and_bilirubin__laboratory_measurement__total_bilirubin__30840,Total bilirubin,0-1,16451,32902,0.161,0.4541,0.7909,16451,0.7683
eye_brain_ukb42577,Eye-brain ukb42577,Biochemistry biomarkers,eye_brain_ukb42577__clinical_biomarkers_minerals_vitamins__mineral_and_vitamin_biomarkers__laboratory_measurement__calcium__30680,Calcium,0-1,13430,26860,0.0244,0.0334,0.5235,13430,0.4158
eye_brain_ukb42577,Eye-brain ukb42577,Biochemistry biomarkers,eye_brain_ukb42577__clinical_biomarkers_minerals_vitamins__mineral_and_vitamin_biomarkers__laboratory_measurement__phosphate__30810,Phosphate,0-1,13377,26754,0.0852,0.1125,0.5273,13377,0.4535
eye_brain_ukb42577,Eye-brain ukb42577,Biochemistry biomarkers,eye_brain_ukb42577__clinical_biomarkers_minerals_vitamins__mineral_and_vitamin_biomarkers__laboratory_measurement__vitamin_d__30890,Vitamin D,0-1,15436,30872,0.2311,0.3832,0.634,15436,0.5562
eye_brain_ukb42577,Eye-brain ukb42577,Biochemistry biomarkers,eye_brain_ukb42577__clinical_biomarkers_proteins_inflammation__protein_inflammation_and_growth_factor_biomarkers__laboratory_measurement__albumin__30600,Albumin,0-1,13433,26866,0.0327,0.0486,0.5765,13433,0.4777
eye_brain_ukb42577,Eye-brain ukb42577,Biochemistry biomarkers,eye_brain_ukb42577__clinical_biomarkers_proteins_inflammation__protein_inflammation_and_growth_factor_biomarkers__laboratory_measurement__c_reactive_protein__30710,C-reactive protein,0-1,16550,33100,0.3954,1.421,0.4737,16550,0.2858
eye_brain_ukb42577,Eye-brain ukb42577,Biochemistry biomarkers,eye_brain_ukb42577__clinical_biomarkers_proteins_inflammation__protein_inflammation_and_growth_factor_biomarkers__laboratory_measurement__igf_1__30770,IGF-1,0-1,16356,32712,0.0977,0.244,0.7884,16356,0.7687
eye_brain_ukb42577,Eye-brain ukb42577,Biochemistry biomarkers,eye_brain_ukb42577__clinical_biomarkers_proteins_inflammation__protein_inflammation_and_growth_factor_biomarkers__laboratory_measurement__rheumatoid_factor__30820,Rheumatoid factor,0-1,1009,2018,0.2539,0.6329,0.6486,1009,0.5753
eye_brain_ukb42577,Eye-brain ukb42577,Biochemistry biomarkers,eye_brain_ukb42577__clinical_biomarkers_proteins_inflammation__protein_inflammation_and_growth_factor_biomarkers__laboratory_measurement__total_protein__30860,Total protein,0-1,13419,26838,0.0319,0.0481,0.573,13419,0.4971
eye_brain_ukb42577,Eye-brain ukb42577,Biochemistry biomarkers,eye_brain_ukb42577__clinical_biomarkers_hormones__sex_hormone_biomarkers__laboratory_measurement__oestradiol__30800,Oestradiol,0-1,821,1642,0.3439,0.6514,0.4049,821,0.1537
eye_brain_ukb42577,Eye-brain ukb42577,Biochemistry biomarkers,eye_brain_ukb42577__clinical_biomarkers_hormones__sex_hormone_biomarkers__laboratory_measurement__shbg__30830,SHBG,0-1,13130,26260,0.1392,0.4767,0.8188,13130,0.8051
eye_brain_ukb42577,Eye-brain ukb42577,Biochemistry biomarkers,eye_brain_ukb42577__clinical_biomarkers_hormones__sex_hormone_biomarkers__laboratory_measurement__testosterone__30850,Testosterone,0-1,14187,28374,0.1642,0.8058,0.9298,14187,0.9274
eye_brain_ukb42577,Eye-brain ukb42577,General physical measures (repeatability only),eye_brain_ukb42577__conventional_risk_factors__bioimpedance_body_composition__body_composition_measurement__arm_fat_mass_left__23124,Arm fat mass (left),0-1,58028,126831,0.1135,0.5038,0.8851,19764,0.9025
eye_brain_ukb42577,Eye-brain ukb42577,General physical measures (repeatability only),eye_brain_ukb42577__conventional_risk_factors__bioimpedance_body_composition__body_composition_measurement__arm_fat_mass_right__23120,Arm fat mass (right),0-1,58039,126854,0.1094,0.4806,0.8877,19768,0.9044
eye_brain_ukb42577,Eye-brain ukb42577,General physical measures (repeatability only),eye_brain_ukb42577__conventional_risk_factors__bioimpedance_body_composition__body_composition_measurement__arm_fat_percentage_left__23123,Arm fat percentage (left),0-1,58033,126842,0.0772,0.3278,0.9205,19766,0.9297
eye_brain_ukb42577,Eye-brain ukb42577,General physical measures (repeatability only),eye_brain_ukb42577__conventional_risk_factors__bioimpedance_body_composition__body_composition_measurement__arm_fat_percentage_right__23119,Arm fat percentage (right),0-1,58042,126860,0.078,0.3315,0.9182,19768,0.9284
eye_brain_ukb42577,Eye-brain ukb42577,General physical measures (repeatability only),eye_brain_ukb42577__conventional_risk_factors__bioimpedance_body_composition__body_composition_measurement__arm_fat_free_mass_left__23125,Arm fat-free mass (left),0-1,58029,126833,0.0398,0.2758,0.9629,19764,0.968
eye_brain_ukb42577,Eye-brain ukb42577,General physical measures (repeatability only),eye_brain_ukb42577__conventional_risk_factors__bioimpedance_body_composition__body_composition_measurement__arm_fat_free_mass_right__23121,Arm fat-free mass (right),0-1,58035,126846,0.0393,0.2711,0.9642,19767,0.9731
eye_brain_ukb42577,Eye-brain ukb42577,General physical measures (repeatability only),eye_brain_ukb42577__conventional_risk_factors__bioimpedance_body_composition__body_composition_measurement__arm_predicted_mass_left__23126,Arm predicted mass (left),0-1,58027,126829,0.04,0.2817,0.9543,19764,0.9687
eye_brain_ukb42577,Eye-brain ukb42577,General physical measures (repeatability only),eye_brain_ukb42577__conventional_risk_factors__bioimpedance_body_composition__body_composition_measurement__arm_predicted_mass_right__23122,Arm predicted mass (right),0-1,58035,126846,0.0394,0.2763,0.9651,19767,0.9737
eye_brain_ukb42577,Eye-brain ukb42577,General physical measures (repeatability only),eye_brain_ukb42577__conventional_risk_factors__bioimpedance_body_composition__body_composition_measurement__basal_metabolic_rate__23105,Basal metabolic rate,0-1,58056,126889,0.0282,0.2004,0.9668,19769,0.9781
eye_brain_ukb42577,Eye-brain ukb42577,General physical measures (repeatability only),eye_brain_ukb42577__conventional_risk_factors__bioimpedance_body_composition__body_composition_measurement__body_fat_percentage__23099,Body fat percentage,0-1,58023,126809,0.0711,0.2614,0.9079,19754,0.9246
eye_brain_ukb42577,Eye-brain ukb42577,General physical measures (repeatability only),eye_brain_ukb42577__conventional_risk_factors__bioimpedance_body_composition__body_composition_measurement__body_mass_index_bmi__23104,Body mass index (BMI),0-1,58057,126891,0.0359,0.1613,0.9104,19769,0.9256
eye_brain_ukb42577,Eye-brain ukb42577,General physical measures (repeatability only),eye_brain_ukb42577__conventional_risk_factors__bioimpedance_body_composition__body_composition_measurement__impedance_of_arm_left__23110,Impedance of arm (left),0-1,58054,126884,0.0421,0.1638,0.8951,19769,0.8953
eye_brain_ukb42577,Eye-brain ukb42577,General physical measures (repeatability only),eye_brain_ukb42577__conventional_risk_factors__bioimpedance_body_composition__body_composition_measurement__impedance_of_arm_right__23109,Impedance of arm (right),0-1,58052,126880,0.0418,0.1625,0.8837,19768,0.8733
eye_brain_ukb42577,Eye-brain ukb42577,General physical measures (repeatability only),eye_brain_ukb42577__conventional_risk_factors__bioimpedance_body_composition__body_composition_measurement__impedance_of_leg_left__23108,Impedance of leg (left),0-1,58055,126886,0.048,0.1369,0.8362,19769,0.8698
eye_brain_ukb42577,Eye-brain ukb42577,General physical measures (repeatability only),eye_brain_ukb42577__conventional_risk_factors__bioimpedance_body_composition__body_composition_measurement__impedance_of_leg_right__23107,Impedance of leg (right),0-1,58057,126890,0.0482,0.1385,0.8393,19769,0.8734
eye_brain_ukb42577,Eye-brain ukb42577,General physical measures (repeatability only),eye_brain_ukb42577__conventional_risk_factors__bioimpedance_body_composition__body_composition_measurement__impedance_of_whole_body__23106,Impedance of whole body,0-1,58053,126880,0.0346,0.1428,0.9093,19765,0.9174
eye_brain_ukb42577,Eye-brain ukb42577,General physical measures (repeatability only),eye_brain_ukb42577__conventional_risk_factors__bioimpedance_body_composition__body_composition_measurement__leg_fat_mass_left__23116,Leg fat mass (left),0-1,58050,126876,0.0902,0.4229,0.9189,19769,0.9306
eye_brain_ukb42577,Eye-brain ukb42577,General physical measures (repeatability only),eye_brain_ukb42577__conventional_risk_factors__bioimpedance_body_composition__body_composition_measurement__leg_fat_mass_right__23112,Leg fat mass (right),0-1,58054,126884,0.0926,0.4214,0.916,19769,0.9265
eye_brain_ukb42577,Eye-brain ukb42577,General physical measures (repeatability only),eye_brain_ukb42577__conventional_risk_factors__bioimpedance_body_composition__body_composition_measurement__leg_fat_percentage_left__23115,Leg fat percentage (left),0-1,58050,126876,0.0645,0.3321,0.9535,19769,0.9679
eye_brain_ukb42577,Eye-brain ukb42577,General physical measures (repeatability only),eye_brain_ukb42577__conventional_risk_factors__bioimpedance_body_composition__body_composition_measurement__leg_fat_percentage_right__23111,Leg fat percentage (right),0-1,58055,126886,0.0697,0.3317,0.9477,19769,0.9636
eye_brain_ukb42577,Eye-brain ukb42577,General physical measures (repeatability only),eye_brain_ukb42577__conventional_risk_factors__bioimpedance_body_composition__body_composition_measurement__leg_fat_free_mass_left__23117,Leg fat-free mass (left),0-1,58044,126864,0.0387,0.219,0.9483,19768,0.9691
eye_brain_ukb42577,Eye-brain ukb42577,General physical measures (repeatability only),eye_brain_ukb42577__conventional_risk_factors__bioimpedance_body_composition__body_composition_measurement__leg_fat_free_mass_right__23113,Leg fat-free mass (right),0-1,58051,126878,0.0412,0.2181,0.9426,19769,0.9668
eye_brain_ukb42577,Eye-brain ukb42577,General physical measures (repeatability only),eye_brain_ukb42577__conventional_risk_factors__bioimpedance_body_composition__body_composition_measurement__leg_predicted_mass_left__23118,Leg predicted mass (left),0-1,58044,126864,0.0383,0.2204,0.95,19768,0.9702
eye_brain_ukb42577,Eye-brain ukb42577,General physical measures (repeatability only),eye_brain_ukb42577__conventional_risk_factors__bioimpedance_body_composition__body_composition_measurement__leg_predicted_mass_right__23114,Leg predicted mass (right),0-1,58051,126878,0.0408,0.2195,0.9445,19769,0.968
eye_brain_ukb42577,Eye-brain ukb42577,General physical measures (repeatability only),eye_brain_ukb42577__conventional_risk_factors__bioimpedance_body_composition__body_composition_measurement__trunk_fat_mass__23128,Trunk fat mass,0-1,58011,126794,0.113,0.3549,0.8704,19760,0.8855
eye_brain_ukb42577,Eye-brain ukb42577,General physical measures (repeatability only),eye_brain_ukb42577__conventional_risk_factors__bioimpedance_body_composition__body_composition_measurement__trunk_fat_percentage__23127,Trunk fat percentage,0-1,58016,126804,0.0863,0.2416,0.8508,19761,0.8649
eye_brain_ukb42577,Eye-brain ukb42577,General physical measures (repeatability only),eye_brain_ukb42577__conventional_risk_factors__bioimpedance_body_composition__body_composition_measurement__trunk_fat_free_mass__23129,Trunk fat-free mass,0-1,57998,126767,0.0271,0.1981,0.9692,19757,0.9709
eye_brain_ukb42577,Eye-brain ukb42577,General physical measures (repeatability only),eye_brain_ukb42577__conventional_risk_factors__bioimpedance_body_composition__body_composition_measurement__trunk_predicted_mass__23130,Trunk predicted mass,0-1,57986,126742,0.0271,0.2005,0.9693,19753,0.9711
eye_brain_ukb42577,Eye-brain ukb42577,General physical measures (repeatability only),eye_brain_ukb42577__conventional_risk_factors__bioimpedance_body_composition__body_composition_measurement__weight__23098,Weight,0-1,58059,126895,0.0362,0.1946,0.9374,19770,0.9498
eye_brain_ukb42577,Eye-brain ukb42577,General physical measures (repeatability only),eye_brain_ukb42577__conventional_risk_factors__bioimpedance_body_composition__body_composition_measurement__whole_body_fat_mass__23100,Whole body fat mass,0-1,57963,126671,0.098,0.3617,0.8904,19730,0.9078
eye_brain_ukb42577,Eye-brain ukb42577,General physical measures (repeatability only),eye_brain_ukb42577__conventional_risk_factors__bioimpedance_body_composition__body_composition_measurement__whole_body_fat_free_mass__23101,Whole body fat-free mass,0-1,58056,126888,0.0282,0.2108,0.9717,19768,0.9808
eye_brain_ukb42577,Eye-brain ukb42577,General physical measures (repeatability only),eye_brain_ukb42577__conventional_risk_factors__bioimpedance_body_composition__body_composition_measurement__whole_body_water_mass__23102,Whole body water mass,0-1,58057,126891,0.0283,0.2108,0.9715,19769,0.9802
eye_brain_ukb42577,Eye-brain ukb42577,General physical measures (repeatability only),eye_brain_ukb42577__conventional_risk_factors__physical_measurements__assessment_measurement__age_high_blood_pressure_diagnosed__2966,Age high blood pressure diagnosed,0-1,11718,25170,0.213,0.3124,0.5588,4283,0.4775
eye_brain_ukb42577,Eye-brain ukb42577,General physical measures (repeatability only),eye_brain_ukb42577__conventional_risk_factors__physical_measurements__assessment_measurement__body_mass_index_bmi__21001,Body mass index (BMI),0-1,59248,129594,0.036,0.1619,0.9106,20259,0.9267
eye_brain_ukb42577,Eye-brain ukb42577,General physical measures (repeatability only),eye_brain_ukb42577__conventional_risk_factors__physical_measurements__assessment_measurement__height__12144,Height,2-3,3208,6416,0.0073,0.0558,0.9622,3208,0.9616
eye_brain_ukb42577,Eye-brain ukb42577,General physical measures (repeatability only),eye_brain_ukb42577__conventional_risk_factors__physical_measurements__assessment_measurement__hip_circumference__49,Hip circumference,0-1,59699,130659,0.031,0.0808,0.8054,20294,0.8275
eye_brain_ukb42577,Eye-brain ukb42577,General physical measures (repeatability only),eye_brain_ukb42577__conventional_risk_factors__physical_measurements__assessment_measurement__seated_height__51,Seated height,0-1,58941,128796,0.0383,0.0482,0.5379,19823,0.6421
eye_brain_ukb42577,Eye-brain ukb42577,General physical measures (repeatability only),eye_brain_ukb42577__conventional_risk_factors__physical_measurements__assessment_measurement__sitting_height__20015,Sitting height,0-1,58941,128796,0.0124,0.0518,0.879,19823,0.8807
eye_brain_ukb42577,Eye-brain ukb42577,General physical measures (repeatability only),eye_brain_ukb42577__conventional_risk_factors__physical_measurements__assessment_measurement__standing_height__50,Standing height,0-1,59655,130550,0.004,0.0543,0.9896,20280,0.9927
eye_brain_ukb42577,Eye-brain ukb42577,General physical measures (repeatability only),eye_brain_ukb42577__conventional_risk_factors__physical_measurements__assessment_measurement__waist_circumference__48,Waist circumference,0-1,59698,130658,0.0461,0.1386,0.85,20296,0.8645
eye_brain_ukb42577,Eye-brain ukb42577,General physical measures (repeatability only),eye_brain_ukb42577__conventional_risk_factors__physical_measurements__assessment_measurement__weight__21002,Weight,0-1,59579,130398,0.0364,0.1951,0.9372,20271,0.95
eye_brain_ukb42577,Eye-brain ukb42577,General physical measures (repeatability only),eye_brain_ukb42577__conventional_risk_factors__physical_measurements__assessment_measurement__weight_pre_imaging__12143,Weight (pre-imaging),2-3,3208,6416,0.0285,0.19,0.9554,3208,0.9546
eye_brain_ukb42577,Eye-brain ukb42577,General physical measures (repeatability only),eye_brain_ukb42577__conventional_risk_factors__physical_measurements__assessment_measurement__weight_manual_entry__3160,"Weight, manual entry",0-1,101,207,0.0385,0.2459,0.9518,69,0.9617
eye_brain_ukb42577,Eye-brain ukb42577,Vision / ophthalmic measurements,eye_brain_ukb42577__eye_and_vision_phenotypes__ophthalmic_measurements__corneal_topography_refractometry_astigmatism__3mm_index_of_best_keratometry_results_left__5292,3mm index of best keratometry results (left),0-1,3816,7632,0.2483,0.2396,0.3566,3816,0.0515
eye_brain_ukb42577,Eye-brain ukb42577,Vision / ophthalmic measurements,eye_brain_ukb42577__eye_and_vision_phenotypes__ophthalmic_measurements__corneal_topography_refractometry_astigmatism__3mm_index_of_best_keratometry_results_right__5237,3mm index of best keratometry results (right),0-1,3832,7664,0.2965,0.2702,0.3585,3832,0.0556
eye_brain_ukb42577,Eye-brain ukb42577,Vision / ophthalmic measurements,eye_brain_ukb42577__eye_and_vision_phenotypes__ophthalmic_measurements__corneal_topography_refractometry_astigmatism__6mm_index_of_best_keratometry_results_left__5306,6mm index of best keratometry results (left),0-1,2920,5840,0.3414,0.2993,0.3735,2920,0.0877
eye_brain_ukb42577,Eye-brain ukb42577,Vision / ophthalmic measurements,eye_brain_ukb42577__eye_and_vision_phenotypes__ophthalmic_measurements__corneal_topography_refractometry_astigmatism__6mm_index_of_best_keratometry_results_right__5251,6mm index of best keratometry results (right),0-1,3034,6068,0.4069,0.3329,0.3572,3034,0.053
eye_brain_ukb42577,Eye-brain ukb42577,Vision / ophthalmic measurements,eye_brain_ukb42577__eye_and_vision_phenotypes__ophthalmic_measurements__corneal_topography_refractometry_astigmatism__duration_at_which_refractometer_first_shown_left__5193,Duration at which refractometer first shown (left),0-1,4166,8332,0.2212,0.2736,0.3862,4166,0.1161
eye_brain_ukb42577,Eye-brain ukb42577,Vision / ophthalmic measurements,eye_brain_ukb42577__eye_and_vision_phenotypes__ophthalmic_measurements__corneal_topography_refractometry_astigmatism__duration_at_which_refractometer_first_shown_right__5190,Duration at which refractometer first shown (right),0-1,4165,8330,0.2348,0.2871,0.4035,4165,0.1503
eye_brain_ukb42577,Eye-brain ukb42577,Vision / ophthalmic measurements,eye_brain_ukb42577__eye_and_vision_phenotypes__ophthalmic_measurements__corneal_topography_refractometry_astigmatism__index_of_best_refractometry_result_left__5276,Index of best refractometry result (left),0-1,3973,7946,0.8245,0.5768,0.3313,3973,-0.0045
eye_brain_ukb42577,Eye-brain ukb42577,Vision / ophthalmic measurements,eye_brain_ukb42577__eye_and_vision_phenotypes__ophthalmic_measurements__corneal_topography_refractometry_astigmatism__index_of_best_refractometry_result_right__5221,Index of best refractometry result (right),0-1,4007,8014,0.8361,0.5928,0.3398,4007,0.0149
eye_brain_ukb42577,Eye-brain ukb42577,Vision / ophthalmic measurements,eye_brain_ukb42577__eye_and_vision_phenotypes__ophthalmic_measurements__eye_examination_status_and_qc__age_cataract_diagnosed__4700,Age cataract diagnosed,0-1,1128,2349,0.1266,0.2168,0.5606,183,0.5631
eye_brain_ukb42577,Eye-brain ukb42577,Vision / ophthalmic measurements,eye_brain_ukb42577__eye_and_vision_phenotypes__ophthalmic_measurements__eye_examination_status_and_qc__age_macular_degeneration_diagnosed__5923,Age macular degeneration diagnosed,0-1,172,363,0.1103,0.2523,0.6372,38,0.7005
eye_brain_ukb42577,Eye-brain ukb42577,Vision / ophthalmic measurements,eye_brain_ukb42577__eye_and_vision_phenotypes__ophthalmic_measurements__eye_examination_status_and_qc__age_other_serious_eye_condition_diagnosed__5945,Age other serious eye condition diagnosed,0-1,214,441,0.1299,0.4288,0.8684,42,0.9229
eye_brain_ukb42577,Eye-brain ukb42577,Vision / ophthalmic measurements,eye_brain_ukb42577__eye_and_vision_phenotypes__ophthalmic_measurements__eye_examination_status_and_qc__age_when_loss_of_vision_due_to_injury_or_trauma_diagnosed__5430,Age when loss of vision due to injury or trauma diagnosed,0-1,59,122,0.1582,0.6238,0.8237,15,0.7699
eye_brain_ukb42577,Eye-brain ukb42577,Vision / ophthalmic measurements,eye_brain_ukb42577__eye_and_vision_phenotypes__ophthalmic_measurements__eye_examination_status_and_qc__corneal_hysteresis_left__5264,Corneal hysteresis (left),0-1,3943,7886,0.1197,0.1821,0.5005,3943,0.3449
eye_brain_ukb42577,Eye-brain ukb42577,Vision / ophthalmic measurements,eye_brain_ukb42577__eye_and_vision_phenotypes__ophthalmic_measurements__eye_examination_status_and_qc__corneal_hysteresis_right__5256,Corneal hysteresis (right),0-1,3960,7920,0.1117,0.1941,0.5049,3960,0.3443
eye_brain_ukb42577,Eye-brain ukb42577,Vision / ophthalmic measurements,eye_brain_ukb42577__eye_and_vision_phenotypes__ophthalmic_measurements__eye_examination_status_and_qc__corneal_resistance_factor_left__5265,Corneal resistance factor (left),0-1,3943,7886,0.1065,0.198,0.5599,3943,0.4459
eye_brain_ukb42577,Eye-brain ukb42577,Vision / ophthalmic measurements,eye_brain_ukb42577__eye_and_vision_phenotypes__ophthalmic_measurements__eye_examination_status_and_qc__corneal_resistance_factor_right__5257,Corneal resistance factor (right),0-1,3960,7920,0.094,0.2011,0.5633,3960,0.443
eye_brain_ukb42577,Eye-brain ukb42577,Vision / ophthalmic measurements,eye_brain_ukb42577__eye_and_vision_phenotypes__ophthalmic_measurements__eye_examination_status_and_qc__distance_of_viewer_to_screen_left__5211,Distance of viewer to screen (left),0-1,4217,8434,0.0031,0.0112,0.3259,4217,
eye_brain_ukb42577,Eye-brain ukb42577,Vision / ophthalmic measurements,eye_brain_ukb42577__eye_and_vision_phenotypes__ophthalmic_measurements__eye_examination_status_and_qc__distance_of_viewer_to_screen_right__5204,Distance of viewer to screen (right),0-1,4221,8442,0.0031,0.0111,0.326,4221,
eye_brain_ukb42577,Eye-brain ukb42577,Vision / ophthalmic measurements,eye_brain_ukb42577__eye_and_vision_phenotypes__ophthalmic_measurements__eye_examination_status_and_qc__number_of_rounds_to_result_left__5209,Number of rounds to result (left),0-1,4217,8434,0.3145,0.3147,0.3521,4217,0.0417
eye_brain_ukb42577,Eye-brain ukb42577,Vision / ophthalmic measurements,eye_brain_ukb42577__eye_and_vision_phenotypes__ophthalmic_measurements__eye_examination_status_and_qc__number_of_rounds_to_result_right__5202,Number of rounds to result (right),0-1,4221,8442,0.3127,0.3232,0.3517,4221,0.0409
eye_brain_ukb42577,Eye-brain ukb42577,Vision / ophthalmic measurements,eye_brain_ukb42577__eye_and_vision_phenotypes__ophthalmic_measurements__eye_examination_status_and_qc__vertex_distance_left__5274,Vertex distance (left),0-1,3973,7946,0,0,,3973,
eye_brain_ukb42577,Eye-brain ukb42577,Vision / ophthalmic measurements,eye_brain_ukb42577__eye_and_vision_phenotypes__ophthalmic_measurements__eye_examination_status_and_qc__vertex_distance_right__5215,Vertex distance (right),0-1,4007,8014,0,0,,4007,
eye_brain_ukb42577,Eye-brain ukb42577,Vision / ophthalmic measurements,eye_brain_ukb42577__eye_and_vision_phenotypes__ophthalmic_measurements__intra_ocular_pressure__intra_ocular_pressure_goldmann_correlated_left__5263,"Intra-ocular pressure, Goldmann-correlated (left)",0-1,3943,7886,0.1127,0.2324,0.6595,3943,0.5917
eye_brain_ukb42577,Eye-brain ukb42577,Vision / ophthalmic measurements,eye_brain_ukb42577__eye_and_vision_phenotypes__ophthalmic_measurements__intra_ocular_pressure__intra_ocular_pressure_goldmann_correlated_right__5255,"Intra-ocular pressure, Goldmann-correlated (right)",0-1,3960,7920,0.1082,0.231,0.6733,3960,0.6165
eye_brain_ukb42577,Eye-brain ukb42577,Vision / ophthalmic measurements,eye_brain_ukb42577__eye_and_vision_phenotypes__ophthalmic_measurements__intra_ocular_pressure__intra_ocular_pressure_corneal_compensated_left__5262,"Intra-ocular pressure, corneal-compensated (left)",0-1,3943,7886,0.1337,0.2306,0.5447,3943,0.4126
eye_brain_ukb42577,Eye-brain ukb42577,Vision / ophthalmic measurements,eye_brain_ukb42577__eye_and_vision_phenotypes__ophthalmic_measurements__intra_ocular_pressure__intra_ocular_pressure_corneal_compensated_right__5254,"Intra-ocular pressure, corneal-compensated (right)",0-1,3960,7920,0.1295,0.2347,0.5595,3960,0.4448
eye_brain_ukb42577,Eye-brain ukb42577,Vision / ophthalmic measurements,eye_brain_ukb42577__eye_and_vision_phenotypes__ophthalmic_measurements__visual_acuity_testing__final_number_of_letters_displayed_left__5207,Final number of letters displayed (left),0-1,4217,8434,0.0026,0.0365,0.6874,4217,0.6312
eye_brain_ukb42577,Eye-brain ukb42577,Vision / ophthalmic measurements,eye_brain_ukb42577__eye_and_vision_phenotypes__ophthalmic_measurements__visual_acuity_testing__final_number_of_letters_displayed_right__5200,Final number of letters displayed (right),0-1,4221,8442,0.0022,0.0265,0.5828,4221,0.4731
eye_brain_ukb42577,Eye-brain ukb42577,Vision / ophthalmic measurements,eye_brain_ukb42577__eye_and_vision_phenotypes__ophthalmic_measurements__visual_acuity_testing__logmar_final_left__5208,"logMAR, final (left)",0-1,4186,8372,1.4961,2267,0.667,4186,0.601
eye_brain_ukb42577,Eye-brain ukb42577,Vision / ophthalmic measurements,eye_brain_ukb42577__eye_and_vision_phenotypes__ophthalmic_measurements__visual_acuity_testing__logmar_final_right__5201,"logMAR, final (right)",0-1,4189,8378,1.4323,28.2865,0.6455,4189,0.5708
eye_brain_ukb42577,Eye-brain ukb42577,Vision / ophthalmic measurements,eye_brain_ukb42577__eye_and_vision_phenotypes__ophthalmic_measurements__visual_acuity_testing__logmar_initial_left__5206,"logMAR, initial (left)",0-1,4217,8434,1.0453,13.7279,0.6189,4217,0.53
eye_brain_ukb42577,Eye-brain ukb42577,Vision / ophthalmic measurements,eye_brain_ukb42577__eye_and_vision_phenotypes__ophthalmic_measurements__visual_acuity_testing__logmar_initial_right__5199,"logMAR, initial (right)",0-1,4221,8442,1.1047,34.523,0.5821,4221,0.4744
eye_brain_ukb42577,Eye-brain ukb42577,Cognitive function,eye_brain_ukb42577__cognitive_and_neuropsychological_phenotypes__cognitive_assessment__cognitive_task_attribute__duration_of_eprime_test__12651,Duration of eprime test,2-3,2739,5478,0.0728,0.1143,0.3351,2739,0.0329
eye_brain_ukb42577,Eye-brain ukb42577,Mental health / wellbeing,eye_brain_ukb42577__mental_health_questionnaire_phenotypes__mental_health_questionnaire__mental_health_symptom_status_attribute__longest_period_of_depression__4609,Longest period of depression,0-1,11115,23493,0.7374,2.1516,0.5522,1928,0.463
eye_brain_ukb42577,Eye-brain ukb42577,Mental health / wellbeing,eye_brain_ukb42577__mental_health_questionnaire_phenotypes__mental_health_questionnaire__mental_health_symptom_status_attribute__longest_period_of_unenthusiasm_disinterest__5375,Longest period of unenthusiasm / disinterest,0-1,6104,12815,0.7835,2.1575,0.4846,1071,0.2257
eye_brain_ukb42577,Eye-brain ukb42577,Mental health / wellbeing,eye_brain_ukb42577__mental_health_questionnaire_phenotypes__mental_health_questionnaire__mental_health_symptom_status_attribute__number_of_depression_episodes__4620,Number of depression episodes,0-1,11115,23493,0.7911,4.8614,0.3741,1928,0.0511
eye_brain_ukb42577,Eye-brain ukb42577,Mental health / wellbeing,eye_brain_ukb42577__mental_health_questionnaire_phenotypes__mental_health_questionnaire__mental_health_symptom_status_attribute__number_of_unenthusiastic_disinterested_episodes__5386,Number of unenthusiastic/disinterested episodes,0-1,6103,12813,0.806,3.8587,0.3798,1071,0.1918
eye_brain_ukb43216,Eye-brain ukb43216,Cognitive function,eye_brain_ukb43216__cognitive_and_neuropsychological_phenotypes__cognitive_assessment__cognitive_task_attribute__duration_to_complete_alphanumeric_path_trail_2__6350,Duration to complete alphanumeric path (trail #2),2-3,2630,5260,0.2169,0.3826,0.4886,2630,0.3159
eye_brain_ukb43216,Eye-brain ukb43216,Cognitive function,eye_brain_ukb43216__cognitive_and_neuropsychological_phenotypes__cognitive_assessment__cognitive_task_attribute__duration_to_complete_numeric_path_trail_1__6348,Duration to complete numeric path (trail #1),2-3,2630,5260,0.1885,0.31,0.43,2630,0.2095
eye_brain_ukb43216,Eye-brain ukb43216,Cognitive function,eye_brain_ukb43216__cognitive_and_neuropsychological_phenotypes__cognitive_assessment__cognitive_task_attribute__fluid_intelligence_score__20016,Fluid intelligence score,0-1,25154,53470,0.1505,0.2737,0.6999,4695,0.6505
eye_brain_ukb43216,Eye-brain ukb43216,Cognitive function,eye_brain_ukb43216__cognitive_and_neuropsychological_phenotypes__cognitive_assessment__cognitive_task_attribute__maximum_digits_remembered_correctly__4282,Maximum digits remembered correctly,,6055,12527,0.1468,0.1892,0.5198,0,
eye_brain_ukb43216,Eye-brain ukb43216,Cognitive function,eye_brain_ukb43216__cognitive_and_neuropsychological_phenotypes__cognitive_assessment__cognitive_task_attribute__mean_time_to_correctly_identify_matches__20023,Mean time to correctly identify matches,0-1,58358,127106,0.1061,0.163,0.5555,20186,0.5431
eye_brain_ukb43216,Eye-brain ukb43216,Cognitive function,eye_brain_ukb43216__cognitive_and_neuropsychological_phenotypes__cognitive_assessment__cognitive_task_attribute__number_of_attempts__4291,Number of attempts,0-1,25694,54655,0.1144,0.5346,0.4238,4742,0.222
eye_brain_ukb43216,Eye-brain ukb43216,Cognitive function,eye_brain_ukb43216__cognitive_and_neuropsychological_phenotypes__cognitive_assessment__cognitive_task_attribute__number_of_fluid_intelligence_questions_attempted_within_time_limit__20128,Number of fluid intelligence questions attempted within time limit,0-1,25154,53470,0.1246,0.2141,0.634,4695,0.5859
eye_brain_ukb43216,Eye-brain ukb43216,Cognitive function,eye_brain_ukb43216__cognitive_and_neuropsychological_phenotypes__cognitive_assessment__cognitive_task_attribute__number_of_puzzles_attempted__6383,Number of puzzles attempted,2-3,2630,5260,0.1605,0.2111,0.5382,2630,0.4179
eye_brain_ukb43216,Eye-brain ukb43216,Cognitive function,eye_brain_ukb43216__cognitive_and_neuropsychological_phenotypes__cognitive_assessment__cognitive_task_attribute__number_of_puzzles_correct__21004,Number of puzzles correct,2-3,2552,5104,0.1871,0.2617,0.5883,2552,0.4825
eye_brain_ukb43216,Eye-brain ukb43216,Cognitive function,eye_brain_ukb43216__cognitive_and_neuropsychological_phenotypes__cognitive_assessment__cognitive_task_attribute__number_of_puzzles_correctly_solved__6373,Number of puzzles correctly solved,2-3,2585,5170,0.1375,0.2142,0.6265,2585,0.5409
eye_brain_ukb43216,Eye-brain ukb43216,Cognitive function,eye_brain_ukb43216__cognitive_and_neuropsychological_phenotypes__cognitive_assessment__cognitive_task_attribute__number_of_puzzles_viewed__6374,Number of puzzles viewed,2-3,2585,5170,0.046,0.0876,0.6074,2585,0.5122
eye_brain_ukb43216,Eye-brain ukb43216,Cognitive function,eye_brain_ukb43216__cognitive_and_neuropsychological_phenotypes__cognitive_assessment__cognitive_task_attribute__number_of_rounds_of_numeric_memory_test_performed__4283,Number of rounds of numeric memory test performed,,6055,12527,0.144,0.1672,0.4587,0,
eye_brain_ukb43216,Eye-brain ukb43216,Cognitive function,eye_brain_ukb43216__cognitive_and_neuropsychological_phenotypes__cognitive_assessment__cognitive_task_attribute__number_of_word_pairs_correctly_associated__20197,Number of word pairs correctly associated,2-3,2630,5260,0.2316,0.3124,0.6206,2630,0.535
eye_brain_ukb43216,Eye-brain ukb43216,Cognitive function,eye_brain_ukb43216__cognitive_and_neuropsychological_phenotypes__cognitive_assessment__cognitive_task_attribute__time_to_answer__4288,Time to answer,0-1,25695,54657,0.5123,0.5743,0.2839,4742,0.3113
eye_brain_ukb43216,Eye-brain ukb43216,Cognitive function,eye_brain_ukb43216__cognitive_and_neuropsychological_phenotypes__cognitive_assessment__cognitive_task_attribute__time_to_complete_test__4285,Time to complete test,,6055,12527,0.1815,0.2195,0.4496,0,
eye_brain_ukb43216,Eye-brain ukb43216,Cognitive function,eye_brain_ukb43216__cognitive_and_neuropsychological_phenotypes__cognitive_assessment__cognitive_task_attribute__total_errors_traversing_alphanumeric_path_trail_2__6351,Total errors traversing alphanumeric path (trail #2),2-3,2630,5260,1.1278,2.333,0.4062,2630,0.1649
eye_brain_ukb43216,Eye-brain ukb43216,Cognitive function,eye_brain_ukb43216__cognitive_and_neuropsychological_phenotypes__cognitive_assessment__cognitive_task_attribute__total_errors_traversing_numeric_path_trail_1__6349,Total errors traversing numeric path (trail #1),2-3,2630,5260,1.1947,1.9383,0.3763,2630,0.0943
metabolite_csv,METABOLITE.csv,Biochemistry biomarkers,metabolite_csv__clinical_biomarkers_glycemia__glycemic_biomarkers__laboratory_measurement__glucose__30740,Glucose,0-1,13409,26818,0.0826,0.1747,0.5496,13409,0.4199
metabolite_csv,METABOLITE.csv,Biochemistry biomarkers,metabolite_csv__clinical_biomarkers_glycemia__glycemic_biomarkers__laboratory_measurement__glycated_haemoglobin_hba1c__30750,Glycated haemoglobin (HbA1c),0-1,12861,25722,0.047,0.1493,0.7769,12861,0.7574
metabolite_csv,METABOLITE.csv,Biochemistry biomarkers,metabolite_csv__clinical_biomarkers_kidney_function__kidney_function_and_urine_chemistry__laboratory_measurement__creatinine__30700,Creatinine,0-1,16578,33156,0.065,0.2012,0.7817,16578,0.7682
metabolite_csv,METABOLITE.csv,Biochemistry biomarkers,metabolite_csv__clinical_biomarkers_kidney_function__kidney_function_and_urine_chemistry__laboratory_measurement__creatinine_enzymatic_in_urine__30510,Creatinine (enzymatic) in urine,0-1,18684,37368,0.3746,0.5224,0.5073,18684,0.3497
metabolite_csv,METABOLITE.csv,Biochemistry biomarkers,metabolite_csv__clinical_biomarkers_kidney_function__kidney_function_and_urine_chemistry__laboratory_measurement__cystatin_c__30720,Cystatin C,0-1,16606,33212,0.0505,0.163,0.8042,16606,0.8079
metabolite_csv,METABOLITE.csv,Biochemistry biomarkers,metabolite_csv__clinical_biomarkers_kidney_function__kidney_function_and_urine_chemistry__laboratory_measurement__microalbumin_in_urine__30500,Microalbumin in urine,0-1,2805,5610,0.3855,2.8563,0.541,2805,0.4547
metabolite_csv,METABOLITE.csv,Biochemistry biomarkers,metabolite_csv__clinical_biomarkers_kidney_function__kidney_function_and_urine_chemistry__laboratory_measurement__urate__30880,Urate,0-1,16558,33116,0.0813,0.2409,0.8308,16558,0.8183
metabolite_csv,METABOLITE.csv,Biochemistry biomarkers,metabolite_csv__clinical_biomarkers_kidney_function__kidney_function_and_urine_chemistry__laboratory_measurement__urea__30670,Urea,0-1,16585,33170,0.1179,0.2157,0.6535,16585,0.588
metabolite_csv,METABOLITE.csv,Biochemistry biomarkers,metabolite_csv__clinical_biomarkers_lipids__lipid_biomarkers__laboratory_measurement__apolipoprotein_a__30630,Apolipoprotein A,0-1,13288,26576,0.065,0.161,0.778,13288,0.7686
metabolite_csv,METABOLITE.csv,Biochemistry biomarkers,metabolite_csv__clinical_biomarkers_lipids__lipid_biomarkers__laboratory_measurement__apolipoprotein_b__30640,Apolipoprotein B,0-1,16484,32968,0.0976,0.2087,0.7067,16484,0.6564
metabolite_csv,METABOLITE.csv,Biochemistry biomarkers,metabolite_csv__clinical_biomarkers_lipids__lipid_biomarkers__laboratory_measurement__cholesterol__30690,Cholesterol,0-1,16621,33242,0.0883,0.1852,0.7066,16621,0.6574
metabolite_csv,METABOLITE.csv,Biochemistry biomarkers,metabolite_csv__clinical_biomarkers_lipids__lipid_biomarkers__laboratory_measurement__hdl_cholesterol__30760,HDL cholesterol,0-1,13428,26856,0.0812,0.2501,0.8431,13428,0.8459
metabolite_csv,METABOLITE.csv,Biochemistry biomarkers,metabolite_csv__clinical_biomarkers_lipids__lipid_biomarkers__laboratory_measurement__ldl_direct__30780,LDL direct,0-1,16536,33072,0.1074,0.2236,0.6992,16536,0.6466
metabolite_csv,METABOLITE.csv,Biochemistry biomarkers,metabolite_csv__clinical_biomarkers_lipids__lipid_biomarkers__laboratory_measurement__lipoprotein_a__30790,Lipoprotein A,0-1,12202,24404,0.1744,1.0697,0.9499,12202,0.9511
metabolite_csv,METABOLITE.csv,Biochemistry biomarkers,metabolite_csv__clinical_biomarkers_lipids__lipid_biomarkers__laboratory_measurement__triglycerides__30870,Triglycerides,0-1,16583,33166,0.2255,0.5033,0.6676,16583,0.6021
metabolite_csv,METABOLITE.csv,Biochemistry biomarkers,metabolite_csv__clinical_biomarkers_liver_function__liver_enzymes_and_bilirubin__laboratory_measurement__alanine_aminotransferase__30620,Alanine aminotransferase,0-1,16608,33216,0.1949,0.4687,0.5709,16608,0.4559
metabolite_csv,METABOLITE.csv,Biochemistry biomarkers,metabolite_csv__clinical_biomarkers_liver_function__liver_enzymes_and_bilirubin__laboratory_measurement__alkaline_phosphatase__30610,Alkaline phosphatase,0-1,16614,33228,0.0934,0.2641,0.75,16614,0.7191
metabolite_csv,METABOLITE.csv,Biochemistry biomarkers,metabolite_csv__clinical_biomarkers_liver_function__liver_enzymes_and_bilirubin__laboratory_measurement__aspartate_aminotransferase__30650,Aspartate aminotransferase,0-1,16493,32986,0.118,0.3066,0.5349,16493,0.4
metabolite_csv,METABOLITE.csv,Biochemistry biomarkers,metabolite_csv__clinical_biomarkers_liver_function__liver_enzymes_and_bilirubin__laboratory_measurement__direct_bilirubin__30660,Direct bilirubin,0-1,12634,25268,0.1575,0.3975,0.7396,12634,0.702
metabolite_csv,METABOLITE.csv,Biochemistry biomarkers,metabolite_csv__clinical_biomarkers_liver_function__liver_enzymes_and_bilirubin__laboratory_measurement__gamma_glutamyltransferase__30730,Gamma glutamyltransferase,0-1,16602,33204,0.1735,0.9036,0.7154,16602,0.6695
metabolite_csv,METABOLITE.csv,Biochemistry biomarkers,metabolite_csv__clinical_biomarkers_liver_function__liver_enzymes_and_bilirubin__laboratory_measurement__total_bilirubin__30840,Total bilirubin,0-1,16450,32900,0.161,0.4541,0.7909,16450,0.7683
metabolite_csv,METABOLITE.csv,Biochemistry biomarkers,metabolite_csv__clinical_biomarkers_minerals_vitamins__mineral_and_vitamin_biomarkers__laboratory_measurement__calcium__30680,Calcium,0-1,13429,26858,0.0244,0.0334,0.5235,13429,0.4157
metabolite_csv,METABOLITE.csv,Biochemistry biomarkers,metabolite_csv__clinical_biomarkers_minerals_vitamins__mineral_and_vitamin_biomarkers__laboratory_measurement__phosphate__30810,Phosphate,0-1,13376,26752,0.0852,0.1125,0.5272,13376,0.4535
metabolite_csv,METABOLITE.csv,Biochemistry biomarkers,metabolite_csv__clinical_biomarkers_minerals_vitamins__mineral_and_vitamin_biomarkers__laboratory_measurement__vitamin_d__30890,Vitamin D,0-1,15435,30870,0.2312,0.3831,0.6339,15435,0.5562
metabolite_csv,METABOLITE.csv,Biochemistry biomarkers,metabolite_csv__clinical_biomarkers_proteins_inflammation__protein_inflammation_and_growth_factor_biomarkers__laboratory_measurement__albumin__30600,Albumin,0-1,13432,26864,0.0327,0.0486,0.5765,13432,0.4777
metabolite_csv,METABOLITE.csv,Biochemistry biomarkers,metabolite_csv__clinical_biomarkers_proteins_inflammation__protein_inflammation_and_growth_factor_biomarkers__laboratory_measurement__c_reactive_protein__30710,C-reactive protein,0-1,16549,33098,0.3954,1.4211,0.4737,16549,0.2858
metabolite_csv,METABOLITE.csv,Biochemistry biomarkers,metabolite_csv__clinical_biomarkers_proteins_inflammation__protein_inflammation_and_growth_factor_biomarkers__laboratory_measurement__igf_1__30770,IGF-1,0-1,16355,32710,0.0977,0.244,0.7884,16355,0.7687
metabolite_csv,METABOLITE.csv,Biochemistry biomarkers,metabolite_csv__clinical_biomarkers_proteins_inflammation__protein_inflammation_and_growth_factor_biomarkers__laboratory_measurement__rheumatoid_factor__30820,Rheumatoid factor,0-1,1009,2018,0.2539,0.6329,0.6486,1009,0.5753
metabolite_csv,METABOLITE.csv,Biochemistry biomarkers,metabolite_csv__clinical_biomarkers_proteins_inflammation__protein_inflammation_and_growth_factor_biomarkers__laboratory_measurement__total_protein__30860,Total protein,0-1,13418,26836,0.0319,0.0481,0.573,13418,0.4971
metabolite_csv,METABOLITE.csv,Biochemistry biomarkers,metabolite_csv__clinical_biomarkers_hormones__sex_hormone_biomarkers__laboratory_measurement__oestradiol__30800,Oestradiol,0-1,821,1642,0.3439,0.6514,0.4049,821,0.1537
metabolite_csv,METABOLITE.csv,Biochemistry biomarkers,metabolite_csv__clinical_biomarkers_hormones__sex_hormone_biomarkers__laboratory_measurement__shbg__30830,SHBG,0-1,13129,26258,0.1392,0.4767,0.8188,13129,0.8051
metabolite_csv,METABOLITE.csv,Biochemistry biomarkers,metabolite_csv__clinical_biomarkers_hormones__sex_hormone_biomarkers__laboratory_measurement__testosterone__30850,Testosterone,0-1,14186,28372,0.1642,0.8058,0.9298,14186,0.9274
metabolite_csv,METABOLITE.csv,Biochemistry biomarkers,metabolite_csv__clinical_biomarkers_kidney_function__urine_electrolytes_and_result_flags__laboratory_measurement__potassium_in_urine__30520,Potassium in urine,0-1,18617,37234,0.3472,0.4133,0.4583,18617,0.2594
metabolite_csv,METABOLITE.csv,Biochemistry biomarkers,metabolite_csv__clinical_biomarkers_kidney_function__urine_electrolytes_and_result_flags__laboratory_measurement__sodium_in_urine__30530,Sodium in urine,0-1,18629,37258,0.3517,0.4691,0.5107,18629,0.3523
metabolite_csv,METABOLITE.csv,General physical measures (repeatability only),metabolite_csv__conventional_risk_factors__physical_measurements__assessment_measurement__age_high_blood_pressure_diagnosed__2966,Age high blood pressure diagnosed,0-1,11717,25168,0.213,0.3124,0.5588,4283,0.4775
metabolite_csv,METABOLITE.csv,General physical measures (repeatability only),metabolite_csv__conventional_risk_factors__physical_measurements__assessment_measurement__body_mass_index_bmi__21001,Body mass index (BMI),0-1,59244,129586,0.036,0.1619,0.9106,20258,0.9267
metabolite_csv,METABOLITE.csv,General physical measures (repeatability only),metabolite_csv__conventional_risk_factors__physical_measurements__assessment_measurement__hip_circumference__49,Hip circumference,0-1,59695,130651,0.031,0.0808,0.8054,20293,0.8275
metabolite_csv,METABOLITE.csv,General physical measures (repeatability only),metabolite_csv__conventional_risk_factors__physical_measurements__assessment_measurement__waist_circumference__48,Waist circumference,0-1,59694,130650,0.046,0.1386,0.85,20295,0.8644
metabolite_csv,METABOLITE.csv,Vision / ophthalmic measurements,metabolite_csv__eye_and_vision_phenotypes__ophthalmic_measurements__eye_examination_status_and_qc__age_cataract_diagnosed__4700,Age cataract diagnosed,0-1,1128,2349,0.1266,0.2168,0.5606,183,0.5631
metabolite_csv,METABOLITE.csv,Vision / ophthalmic measurements,metabolite_csv__eye_and_vision_phenotypes__ophthalmic_measurements__eye_examination_status_and_qc__age_macular_degeneration_diagnosed__5923,Age macular degeneration diagnosed,0-1,172,363,0.1103,0.2523,0.6372,38,0.7005
metabolite_csv,METABOLITE.csv,Vision / ophthalmic measurements,metabolite_csv__eye_and_vision_phenotypes__ophthalmic_measurements__eye_examination_status_and_qc__age_other_serious_eye_condition_diagnosed__5945,Age other serious eye condition diagnosed,0-1,214,441,0.1299,0.4288,0.8684,42,0.9229
metabolite_csv,METABOLITE.csv,Vision / ophthalmic measurements,metabolite_csv__eye_and_vision_phenotypes__ophthalmic_measurements__eye_examination_status_and_qc__age_when_loss_of_vision_due_to_injury_or_trauma_diagnosed__5430,Age when loss of vision due to injury or trauma diagnosed,0-1,59,122,0.1582,0.6238,0.8237,15,0.7699
metabolite_csv,METABOLITE.csv,Vision / ophthalmic measurements,metabolite_csv__eye_and_vision_phenotypes__ophthalmic_measurements__visual_acuity_testing__logmar_final_left__5208,"logMAR, final (left)",0-1,4186,8372,1.4961,2267,0.667,4186,0.601
metabolite_csv,METABOLITE.csv,Vision / ophthalmic measurements,metabolite_csv__eye_and_vision_phenotypes__ophthalmic_measurements__visual_acuity_testing__logmar_final_right__5201,"logMAR, final (right)",0-1,4189,8378,1.4323,28.2865,0.6455,4189,0.5708
metabolite_csv,METABOLITE.csv,Vision / ophthalmic measurements,metabolite_csv__eye_and_vision_phenotypes__ophthalmic_measurements__visual_acuity_testing__logmar_initial_left__5206,"logMAR, initial (left)",0-1,4217,8434,1.0453,13.7279,0.6189,4217,0.53
metabolite_csv,METABOLITE.csv,Vision / ophthalmic measurements,metabolite_csv__eye_and_vision_phenotypes__ophthalmic_measurements__visual_acuity_testing__logmar_initial_right__5199,"logMAR, initial (right)",0-1,4221,8442,1.1047,34.523,0.5821,4221,0.4744
